,name,beds,city,website
0, Adventist Health Saint Helena Center for Behavioral Health,61,Vallejo,https://www.ahd.com/free_profile/054074/_Adventist_Health_Saint_Helena_Center_for_Behavioral_Health/Vallejo/California/
1, Adventist Health Simi Valley ,144,Simi Valley,https://www.ahd.com/free_profile/050236/_Adventist_Health_Simi_Valley_/Simi_Valley/California/
2, California Department of State Hospitals - Coalinga,0,Coalinga,https://www.ahd.com/free_profile/I41022/_California_Department_of_State_Hospitals_-_Coalinga/Coalinga/California/
3, California Department of State Hospitals - Napa,151,Napa,https://www.ahd.com/free_profile/054122/_California_Department_of_State_Hospitals_-_Napa/Napa/California/
4, California Department of State Hospitals Salinas Valley Hospital,0,Soledad,https://www.ahd.com/free_profile/I41899/_California_Department_of_State_Hospitals_Salinas_Valley_Hospital/Soledad/California/
5, Downey Medical Center,352,Downey,https://www.ahd.com/free_profile/050139/_Downey_Medical_Center/Downey/California/
6, MarinHealth Medical Center,327,Greenbrae,https://www.ahd.com/free_profile/050360/_MarinHealth_Medical_Center/Greenbrae/California/
7, Providence Saint John's Health Center,254,Santa Monica,https://www.ahd.com/free_profile/050290/_Providence_Saint_John%27s_Health_Center/Santa_Monica/California/
8, Woodland Hills Medical Center,274,Woodland Hills,https://www.ahd.com/free_profile/050677/_Woodland_Hills_Medical_Center/Woodland_Hills/California/
9,60th Medical Group - David Grant USAF Medical Center,0,Travis Air Force Base,https://www.ahd.com/free_profile/05015F/60th_Medical_Group_-_David_Grant_USAF_Medical_Center/Travis_Air_Force_Base/California/
10,Adventist Health and Rideout,209,Marysville,https://www.ahd.com/free_profile/050133/Adventist_Health_and_Rideout/Marysville/California/
11,Adventist Health Bakersfield ,254,Bakersfield,https://www.ahd.com/free_profile/050455/Adventist_Health_Bakersfield_/Bakersfield/California/
12,Adventist Health Clear Lake ,25,Clearlake,https://www.ahd.com/free_profile/051317/Adventist_Health_Clear_Lake_/Clearlake/California/
13,Adventist Health Delano,109,Delano,https://www.ahd.com/free_profile/050608/Adventist_Health_Delano/Delano/California/
14,Adventist Health Glendale,451,Glendale,https://www.ahd.com/free_profile/050239/Adventist_Health_Glendale/Glendale/California/
15,Adventist Health Hanford,235,Hanford,https://www.ahd.com/free_profile/050121/Adventist_Health_Hanford/Hanford/California/
16,Adventist Health Howard Memorial,25,Willits,https://www.ahd.com/free_profile/051310/Adventist_Health_Howard_Memorial/Willits/California/
17,Adventist Health Lodi Memorial ,194,Lodi,https://www.ahd.com/free_profile/050336/Adventist_Health_Lodi_Memorial_/Lodi/California/
18,Adventist Health Mendocino Coast,25,Fort Bragg,https://www.ahd.com/free_profile/051325/Adventist_Health_Mendocino_Coast/Fort_Bragg/California/
19,Adventist Health Reedley,49,Reedley,https://www.ahd.com/free_profile/050192/Adventist_Health_Reedley/Reedley/California/
20,Adventist Health Saint Helena ,151,Saint Helena,https://www.ahd.com/free_profile/050013/Adventist_Health_Saint_Helena_/Saint_Helena/California/
21,Adventist Health Selma,0,Selma,https://www.ahd.com/free_profile/I41391/Adventist_Health_Selma/Selma/California/
22,Adventist Health Sonora,152,Sonora,https://www.ahd.com/free_profile/050335/Adventist_Health_Sonora/Sonora/California/
23,Adventist Health Tehachapi Valley,25,Tehachapi,https://www.ahd.com/free_profile/051301/Adventist_Health_Tehachapi_Valley/Tehachapi/California/
24,Adventist Health Tulare,73,Tulare,https://www.ahd.com/free_profile/050784/Adventist_Health_Tulare/Tulare/California/
25,Adventist Health Ukiah Valley,50,Ukiah,https://www.ahd.com/free_profile/050301/Adventist_Health_Ukiah_Valley/Ukiah/California/
26,Adventist Health Vallejo,0,Vallejo,https://www.ahd.com/free_profile/I42371/Adventist_Health_Vallejo/Vallejo/California/
27,Adventist Health White Memorial,353,Los Angeles,https://www.ahd.com/free_profile/050103/Adventist_Health_White_Memorial/Los_Angeles/California/
28,AHMC Anaheim Regional Medical Center,223,Anaheim,https://www.ahd.com/free_profile/050226/AHMC_Anaheim_Regional_Medical_Center/Anaheim/California/
29,AHMC Seton Medical Center,434,Daly City,https://www.ahd.com/free_profile/050289/AHMC_Seton_Medical_Center/Daly_City/California/
30,AHMC Seton Medical Center Coastside,0,Moss Beach,https://www.ahd.com/free_profile/I41392/AHMC_Seton_Medical_Center_Coastside/Moss_Beach/California/
31,Alameda Hospital,217,Alameda,https://www.ahd.com/free_profile/050211/Alameda_Hospital/Alameda/California/
32,Alhambra Hospital Medical Center,144,Alhambra,https://www.ahd.com/free_profile/050281/Alhambra_Hospital_Medical_Center/Alhambra/California/
33,Alta Bates Summit Medical Center,461,Oakland,https://www.ahd.com/free_profile/050043/Alta_Bates_Summit_Medical_Center/Oakland/California/
34,Alta Bates Summit Medical Center  Herrick Campus,0,Berkeley,https://www.ahd.com/free_profile/I41155/Alta_Bates_Summit_Medical_Center__Herrick_Campus/Berkeley/California/
35,Alta Bates Summit Medical Center Alta Bates Campus,383,Berkeley,https://www.ahd.com/free_profile/050305/Alta_Bates_Summit_Medical_Center_Alta_Bates_Campus/Berkeley/California/
36,Alvarado Hospital Medical Center,306,San Diego,https://www.ahd.com/free_profile/050757/Alvarado_Hospital_Medical_Center/San_Diego/California/
37,Alvarado Parkway Institute,66,La Mesa,https://www.ahd.com/free_profile/054075/Alvarado_Parkway_Institute/La_Mesa/California/
38,Anaheim Global Medical Center,189,Anaheim,https://www.ahd.com/free_profile/050744/Anaheim_Global_Medical_Center/Anaheim/California/
39,Anaheim Medical Center ,526,Anaheim,https://www.ahd.com/free_profile/050609/Anaheim_Medical_Center_/Anaheim/California/
40,Antelope Valley Hospital,393,Lancaster,https://www.ahd.com/free_profile/050056/Antelope_Valley_Hospital/Lancaster/California/
41,Antioch Medical Center ,136,Antioch,https://www.ahd.com/free_profile/050760/Antioch_Medical_Center_/Antioch/California/
42,Arden Wood,13,San Francisco,https://www.ahd.com/free_profile/051993/Arden_Wood/San_Francisco/California/
43,Arrowhead Regional Medical Center,456,Colton,https://www.ahd.com/free_profile/050245/Arrowhead_Regional_Medical_Center/Colton/California/
44,Arroyo Grande Community Hospital,67,Arroyo Grande,https://www.ahd.com/free_profile/050016/Arroyo_Grande_Community_Hospital/Arroyo_Grande/California/
45,Aurora Behavioral Health Care San Diego,116,San Diego,https://www.ahd.com/free_profile/054095/Aurora_Behavioral_Health_Care_San_Diego/San_Diego/California/
46,Aurora Charter Oak Hospital,134,Covina,https://www.ahd.com/free_profile/054069/Aurora_Charter_Oak_Hospital/Covina/California/
47,Aurora Santa Rosa Hospital,95,Santa Rosa,https://www.ahd.com/free_profile/054151/Aurora_Santa_Rosa_Hospital/Santa_Rosa/California/
48,Bakersfield Behavioral Healthcare Hospital,90,Bakersfield,https://www.ahd.com/free_profile/054155/Bakersfield_Behavioral_Healthcare_Hospital/Bakersfield/California/
49,Bakersfield Heart Hospital,47,Bakersfield,https://www.ahd.com/free_profile/050724/Bakersfield_Heart_Hospital/Bakersfield/California/
50,Bakersfield Memorial Hospital,385,Bakersfield,https://www.ahd.com/free_profile/050036/Bakersfield_Memorial_Hospital/Bakersfield/California/
51,Baldwin Park Medical Center,257,Baldwin Park,https://www.ahd.com/free_profile/050723/Baldwin_Park_Medical_Center/Baldwin_Park/California/
52,Ballard Rehabilitation Hospital,60,San Bernardino,https://www.ahd.com/free_profile/053037/Ballard_Rehabilitation_Hospital/San_Bernardino/California/
53,Banner Lassen Medical Center,25,Susanville,https://www.ahd.com/free_profile/051320/Banner_Lassen_Medical_Center/Susanville/California/
54,Barlow Respiratory Hospital at PIH Health Hospital Whittier,0,Whittier,https://www.ahd.com/free_profile/I41420/Barlow_Respiratory_Hospital_at_PIH_Health_Hospital_Whittier/Whittier/California/
55,Barlow Respiratory Hospital Main in Los Angeles,105,Los Angeles,https://www.ahd.com/free_profile/052031/Barlow_Respiratory_Hospital_Main_in_Los_Angeles/Los_Angeles/California/
56,Barlow Respiratory Hospital San Fernando Valley,0,Van Nuys,https://www.ahd.com/free_profile/I41421/Barlow_Respiratory_Hospital_San_Fernando_Valley/Van_Nuys/California/
57,Barstow Community Hospital,30,Barstow,https://www.ahd.com/free_profile/050298/Barstow_Community_Hospital/Barstow/California/
58,Barton Memorial Hospital,111,South Lake Tahoe,https://www.ahd.com/free_profile/050352/Barton_Memorial_Hospital/South_Lake_Tahoe/California/
59,Bear Valley Community Hospital ,30,Big Bear Lake,https://www.ahd.com/free_profile/051335/Bear_Valley_Community_Hospital_/Big_Bear_Lake/California/
60,Beverly Hospital,202,Montebello,https://www.ahd.com/free_profile/050350/Beverly_Hospital/Montebello/California/
61,BHC Alhambra Hospital,97,Rosemead,https://www.ahd.com/free_profile/054032/BHC_Alhambra_Hospital/Rosemead/California/
62,Broadview,21,Los Angeles,https://www.ahd.com/free_profile/051991/Broadview/Los_Angeles/California/
63,California Department of State Hospitals - Stockton,0,Stockton,https://www.ahd.com/free_profile/I42075/California_Department_of_State_Hospitals_-_Stockton/Stockton/California/
64,California Hospital Medical Center,318,Los Angeles,https://www.ahd.com/free_profile/050149/California_Hospital_Medical_Center/Los_Angeles/California/
65,California Medical Facility - Psychiatric Inpatient Program,0,Vacaville,https://www.ahd.com/free_profile/I42076/California_Medical_Facility_-_Psychiatric_Inpatient_Program/Vacaville/California/
66,California Mens Colony Hospital,0,San Luis Obispo,https://www.ahd.com/free_profile/I07817/California_Mens_Colony_Hospital/San_Luis_Obispo/California/
67,California Rehabilitation Institute,138,Los Angeles,https://www.ahd.com/free_profile/053039/California_Rehabilitation_Institute/Los_Angeles/California/
68,Canyon Ridge Hospital,157,Chino,https://www.ahd.com/free_profile/054111/Canyon_Ridge_Hospital/Chino/California/
69,Casa Colina Hospital and Centers for Healthcare,99,Pomona,https://www.ahd.com/free_profile/050782/Casa_Colina_Hospital_and_Centers_for_Healthcare/Pomona/California/
70,Catalina Island Medical Center,12,Avalon,https://www.ahd.com/free_profile/051307/Catalina_Island_Medical_Center/Avalon/California/
71,Cedars-Sinai Medical Center,883,Los Angeles,https://www.ahd.com/free_profile/050625/Cedars-Sinai_Medical_Center/Los_Angeles/California/
72,Center for Specialized Surgery of Santa Barbara,0,Santa Barbara,https://www.ahd.com/free_profile/050790/Center_for_Specialized_Surgery_of_Santa_Barbara/Santa_Barbara/California/
73,Centinela Hospital Medical Center,345,Inglewood,https://www.ahd.com/free_profile/050739/Centinela_Hospital_Medical_Center/Inglewood/California/
74,Central Valley Specialty Hospital,100,Modesto,https://www.ahd.com/free_profile/052055/Central_Valley_Specialty_Hospital/Modesto/California/
75,CHA Hollywood Presbyterian Medical Center,434,Los Angeles,https://www.ahd.com/free_profile/050063/CHA_Hollywood_Presbyterian_Medical_Center/Los_Angeles/California/
76,Chapman Global Medical Center,114,Orange,https://www.ahd.com/free_profile/050745/Chapman_Global_Medical_Center/Orange/California/
77,Children's Hospital Los Angeles,379,Los Angeles,https://www.ahd.com/free_profile/053302/Children%27s_Hospital_Los_Angeles/Los_Angeles/California/
78,Children's Hospital of Orange County,334,Orange,https://www.ahd.com/free_profile/053304/Children%27s_Hospital_of_Orange_County/Orange/California/
79,Children's Hospital of Orange County at Mission,0,Mission Viejo,https://www.ahd.com/free_profile/053306/Children%27s_Hospital_of_Orange_County_at_Mission/Mission_Viejo/California/
80,Chinese Hospital,88,San Francisco,https://www.ahd.com/free_profile/050407/Chinese_Hospital/San_Francisco/California/
81,Chino Valley Medical Center,112,Chino,https://www.ahd.com/free_profile/050586/Chino_Valley_Medical_Center/Chino/California/
82,City of Hope Comprehensive Cancer Center,217,Duarte,https://www.ahd.com/free_profile/050146/City_of_Hope_Comprehensive_Cancer_Center/Duarte/California/
83,Clovis Community Medical Center,208,Clovis,https://www.ahd.com/free_profile/050492/Clovis_Community_Medical_Center/Clovis/California/
84,Coast Plaza Hospital,117,Norwalk,https://www.ahd.com/free_profile/050771/Coast_Plaza_Hospital/Norwalk/California/
85,College Hospital Cerritos,187,Cerritos,https://www.ahd.com/free_profile/054055/College_Hospital_Cerritos/Cerritos/California/
86,College Hospital Costa Mesa,122,Costa Mesa,https://www.ahd.com/free_profile/050543/College_Hospital_Costa_Mesa/Costa_Mesa/California/
87,College Medical Center,221,Long Beach,https://www.ahd.com/free_profile/050776/College_Medical_Center/Long_Beach/California/
88,Colorado River Medical Center,25,Needles,https://www.ahd.com/free_profile/051323/Colorado_River_Medical_Center/Needles/California/
89,Colusa Medical Center,52,Colusa,https://www.ahd.com/free_profile/050783/Colusa_Medical_Center/Colusa/California/
90,Community Hospital Long Beach,125,Long Beach,https://www.ahd.com/free_profile/050727/Community_Hospital_Long_Beach/Long_Beach/California/
91,Community Hospital of Huntington Park,86,Huntington Park,https://www.ahd.com/free_profile/050091/Community_Hospital_of_Huntington_Park/Huntington_Park/California/
92,Community Hospital of San Bernardino,347,San Bernardino,https://www.ahd.com/free_profile/050089/Community_Hospital_of_San_Bernardino/San_Bernardino/California/
93,Community Hospital of the Monterey Peninsula,286,Monterey,https://www.ahd.com/free_profile/050145/Community_Hospital_of_the_Monterey_Peninsula/Monterey/California/
94,Community Memorial Hospital,229,Ventura,https://www.ahd.com/free_profile/050394/Community_Memorial_Hospital/Ventura/California/
95,Community Regional Medical Center,851,Fresno,https://www.ahd.com/free_profile/050060/Community_Regional_Medical_Center/Fresno/California/
96,Concord Medical Center,244,Concord,https://www.ahd.com/free_profile/050496/Concord_Medical_Center/Concord/California/
97,Contra Costa Regional Medical Center,147,Martinez,https://www.ahd.com/free_profile/050276/Contra_Costa_Regional_Medical_Center/Martinez/California/
98,Corona Regional Medical Center,238,Corona,https://www.ahd.com/free_profile/050329/Corona_Regional_Medical_Center/Corona/California/
99,Cottage Rehabilitation Hospital,0,Santa Barbara,https://www.ahd.com/free_profile/I41664/Cottage_Rehabilitation_Hospital/Santa_Barbara/California/
100,County Of Humboldt Mental Health Branch,16,Eureka,https://www.ahd.com/free_profile/054124/County_Of_Humboldt_Mental_Health_Branch/Eureka/California/
101,CPMC Davies Campus,191,San Francisco,https://www.ahd.com/free_profile/050008/CPMC_Davies_Campus/San_Francisco/California/
102,CPMC Mission Bernal Campus,120,San Francisco,https://www.ahd.com/free_profile/050055/CPMC_Mission_Bernal_Campus/San_Francisco/California/
103,CPMC Van Ness Campus,0,San Francisco ,https://www.ahd.com/free_profile/I42270/CPMC_Van_Ness_Campus/San_Francisco_/California/
104,Dameron Hospital,170,Stockton,https://www.ahd.com/free_profile/050122/Dameron_Hospital/Stockton/California/
105,Del Amo Hospital,166,Torrance,https://www.ahd.com/free_profile/054053/Del_Amo_Hospital/Torrance/California/
106,Department of State Hospitals - Atascadero,0,Atascadero,https://www.ahd.com/free_profile/I07987/Department_of_State_Hospitals_-_Atascadero/Atascadero/California/
107,Department of State Hospitals-Patton,0,Patton,https://www.ahd.com/free_profile/I07945/Department_of_State_Hospitals-Patton/Patton/California/
108,Desert Regional Medical Center,370,Palm Springs,https://www.ahd.com/free_profile/050243/Desert_Regional_Medical_Center/Palm_Springs/California/
109,Desert Valley Hospital,148,Victorville,https://www.ahd.com/free_profile/050709/Desert_Valley_Hospital/Victorville/California/
110,Dignity Health - St. Mary Medical Center,297,Long Beach,https://www.ahd.com/free_profile/050191/Dignity_Health_-_St_Mary_Medical_Center/Long_Beach/California/
111,Docs Surgical Hospital,17,Los Angeles,https://www.ahd.com/free_profile/050785/Docs_Surgical_Hospital/Los_Angeles/California/
112,Doctors Hospital of Manteca,73,Manteca,https://www.ahd.com/free_profile/050118/Doctors_Hospital_of_Manteca/Manteca/California/
113,Doctors Medical Center of Modesto,447,Modesto,https://www.ahd.com/free_profile/050464/Doctors_Medical_Center_of_Modesto/Modesto/California/
114,Dominican Hospital,222,Santa Cruz,https://www.ahd.com/free_profile/050242/Dominican_Hospital/Santa_Cruz/California/
115,DSH - Metropolitan ,976,Norwalk,https://www.ahd.com/free_profile/054133/DSH_-_Metropolitan_/Norwalk/California/
116,East Los Angeles Doctors Hospital,127,Los Angeles,https://www.ahd.com/free_profile/050641/East_Los_Angeles_Doctors_Hospital/Los_Angeles/California/
117,Eastern Plumas Health Care,75,Portola,https://www.ahd.com/free_profile/051300/Eastern_Plumas_Health_Care/Portola/California/
118,Eden Medical Center,126,Castro Valley,https://www.ahd.com/free_profile/050488/Eden_Medical_Center/Castro_Valley/California/
119,Eisenhower Medical Center,345,Rancho Mirage,https://www.ahd.com/free_profile/050573/Eisenhower_Medical_Center/Rancho_Mirage/California/
120,El Camino Hospital Los Gatos Campus,0,Los Gatos,https://www.ahd.com/free_profile/I41650/El_Camino_Hospital_Los_Gatos_Campus/Los_Gatos/California/
121,El Camino Hospital Mountain View Campus,443,Mountain View,https://www.ahd.com/free_profile/050308/El_Camino_Hospital_Mountain_View_Campus/Mountain_View/California/
122,El Centro Regional Medical Center,161,El Centro,https://www.ahd.com/free_profile/050045/El_Centro_Regional_Medical_Center/El_Centro/California/
123,Emanate Health Foothill Presbyterian Hospital,105,Glendora,https://www.ahd.com/free_profile/050597/Emanate_Health_Foothill_Presbyterian_Hospital/Glendora/California/
124,Emanate Health Inter-Community Hospital,516,Covina,https://www.ahd.com/free_profile/050382/Emanate_Health_Inter-Community_Hospital/Covina/California/
125,Emanate Health Queen of the Valley Hospital,325,West Covina,https://www.ahd.com/free_profile/050369/Emanate_Health_Queen_of_the_Valley_Hospital/West_Covina/California/
126,Emanuel Medical Center,209,Turlock,https://www.ahd.com/free_profile/050179/Emanuel_Medical_Center/Turlock/California/
127,Encino Hospital Medical Center,148,Encino,https://www.ahd.com/free_profile/050158/Encino_Hospital_Medical_Center/Encino/California/
128,Encompass Health Rehabilitation Hospital of Bakersfield,86,Bakersfield,https://www.ahd.com/free_profile/053031/Encompass_Health_Rehabilitation_Hospital_of_Bakersfield/Bakersfield/California/
129,Encompass Health Rehabilitation Hospital of Modesto,50,Modesto,https://www.ahd.com/free_profile/053040/Encompass_Health_Rehabilitation_Hospital_of_Modesto/Modesto/California/
130,Encompass Health Rehabilitation Hospital of Murrieta,50,Murrietta,https://www.ahd.com/free_profile/053042/Encompass_Health_Rehabilitation_Hospital_of_Murrieta/Murrietta/California/
131,Encompass Health Rehabilitation Hospital of Tustin,48,Tustin,https://www.ahd.com/free_profile/053034/Encompass_Health_Rehabilitation_Hospital_of_Tustin/Tustin/California/
132,Enloe Medical Center,338,Chico,https://www.ahd.com/free_profile/050039/Enloe_Medical_Center/Chico/California/
133,Fairchild Medical Center,25,Yreka,https://www.ahd.com/free_profile/051316/Fairchild_Medical_Center/Yreka/California/
134,Fairmont Rehabilitation and Wellness,0,San Leandro,https://www.ahd.com/free_profile/I41261/Fairmont_Rehabilitation_and_Wellness/San_Leandro/California/
135,Fairview Developmental Center,30,Costa Mesa,https://www.ahd.com/free_profile/050548/Fairview_Developmental_Center/Costa_Mesa/California/
136,Fern Lodge,0,Castro Valley,https://www.ahd.com/free_profile/051994/Fern_Lodge/Castro_Valley/California/
137,Fontana Medical Center,626,Fontana,https://www.ahd.com/free_profile/050140/Fontana_Medical_Center/Fontana/California/
138,Foothill Regional Medical Center,177,Tustin,https://www.ahd.com/free_profile/050780/Foothill_Regional_Medical_Center/Tustin/California/
139,Fountain Valley Regional Hospital,400,Fountain Valley,https://www.ahd.com/free_profile/050570/Fountain_Valley_Regional_Hospital/Fountain_Valley/California/
140,Fremont Hospital,148,Fremont,https://www.ahd.com/free_profile/054110/Fremont_Hospital/Fremont/California/
141,French Hospital Medical Center ,98,San Luis Obispo,https://www.ahd.com/free_profile/050232/French_Hospital_Medical_Center_/San_Luis_Obispo/California/
142,Fresno Heart & Surgical Hospital,57,Fresno,https://www.ahd.com/free_profile/050732/Fresno_Heart_%26_Surgical_Hospital/Fresno/California/
143,Fresno Medical Center,169,Fresno,https://www.ahd.com/free_profile/050710/Fresno_Medical_Center/Fresno/California/
144,Fresno Surgical Hospital,27,Fresno,https://www.ahd.com/free_profile/050708/Fresno_Surgical_Hospital/Fresno/California/
145,Garden Grove Hospital and Medical Center,167,Garden Grove,https://www.ahd.com/free_profile/050230/Garden_Grove_Hospital_and_Medical_Center/Garden_Grove/California/
146,Garfield Medical Center,210,Monterey Park,https://www.ahd.com/free_profile/050737/Garfield_Medical_Center/Monterey_Park/California/
147,Gateways Hospital and Mental Health Center,55,Los Angeles,https://www.ahd.com/free_profile/054028/Gateways_Hospital_and_Mental_Health_Center/Los_Angeles/California/
148,George L. Mee Memorial Hospital,61,King City,https://www.ahd.com/free_profile/051336/George_L_Mee_Memorial_Hospital/King_City/California/
149,Glendale Memorial Hospital & Health Center,304,Glendale,https://www.ahd.com/free_profile/050058/Glendale_Memorial_Hospital_%26_Health_Center/Glendale/California/
150,Glendora Oaks Behavioral Health Hospital,21,Glendora,https://www.ahd.com/free_profile/054157/Glendora_Oaks_Behavioral_Health_Hospital/Glendora/California/
151,Glenn Medical Center,15,Willows,https://www.ahd.com/free_profile/051306/Glenn_Medical_Center/Willows/California/
152,Goleta Valley Cottage Hospital,28,Santa Barbara,https://www.ahd.com/free_profile/050357/Goleta_Valley_Cottage_Hospital/Santa_Barbara/California/
153,Good Samaritan Hospital,64,Bakersfield,https://www.ahd.com/free_profile/050257/Good_Samaritan_Hospital/Bakersfield/California/
154,Good Samaritan Hospital,359,San Jose,https://www.ahd.com/free_profile/050380/Good_Samaritan_Hospital/San_Jose/California/
155,Greater El Monte Community Hospital,117,South El Monte,https://www.ahd.com/free_profile/050738/Greater_El_Monte_Community_Hospital/South_El_Monte/California/
156,Harbor-UCLA Medical Center,407,Torrance,https://www.ahd.com/free_profile/050376/Harbor-UCLA_Medical_Center/Torrance/California/
157,Hazel Hawkins Memorial Hospital,168,Hollister,https://www.ahd.com/free_profile/051337/Hazel_Hawkins_Memorial_Hospital/Hollister/California/
158,Healdsburg District Hospital,42,Healdsburg,https://www.ahd.com/free_profile/051321/Healdsburg_District_Hospital/Healdsburg/California/
159,Healthbridge Children's Hospital Orange,6,Orange,https://www.ahd.com/free_profile/053308/Healthbridge_Children%27s_Hospital_Orange/Orange/California/
160,Hemet Global Medical Center,309,Hemet,https://www.ahd.com/free_profile/050390/Hemet_Global_Medical_Center/Hemet/California/
161,Henry Mayo Newhall Memorial Hospital,357,Valencia,https://www.ahd.com/free_profile/050624/Henry_Mayo_Newhall_Memorial_Hospital/Valencia/California/
162,Heritage Oaks Hospital,125,Sacramento,https://www.ahd.com/free_profile/054104/Heritage_Oaks_Hospital/Sacramento/California/
163,Heritage Psychiatric Health Center,26,Oakland,https://www.ahd.com/free_profile/054146/Heritage_Psychiatric_Health_Center/Oakland/California/
164,Hi-Desert Medical Center,175,Joshua Tree,https://www.ahd.com/free_profile/050279/Hi-Desert_Medical_Center/Joshua_Tree/California/
165,Highland Hospital,415,Oakland,https://www.ahd.com/free_profile/050320/Highland_Hospital/Oakland/California/
166,Hoag Hospital Irvine,0,Irvine,https://www.ahd.com/free_profile/I41949/Hoag_Hospital_Irvine/Irvine/California/
167,Hoag Hospital Newport Beach,530,Newport Beach,https://www.ahd.com/free_profile/050224/Hoag_Hospital_Newport_Beach/Newport_Beach/California/
168,Hoag Orthopedic Institute,70,Irvine,https://www.ahd.com/free_profile/050769/Hoag_Orthopedic_Institute/Irvine/California/
169,Huntington Beach Hospital,131,Huntington Beach,https://www.ahd.com/free_profile/050526/Huntington_Beach_Hospital/Huntington_Beach/California/
170,Huntington Hospital,563,Pasadena,https://www.ahd.com/free_profile/050438/Huntington_Hospital/Pasadena/California/
171,Impact Drug and Alcohol Treatment Center,0,Pasadena,https://www.ahd.com/free_profile/I08101/Impact_Drug_and_Alcohol_Treatment_Center/Pasadena/California/
172,Inland Valley Medical Center,0,Wildomar,https://www.ahd.com/free_profile/I41164/Inland_Valley_Medical_Center/Wildomar/California/
173,Jacobs Medical Center at UC San Diego Health,0,La Jolla,https://www.ahd.com/free_profile/I41388/Jacobs_Medical_Center_at_UC_San_Diego_Health/La_Jolla/California/
174,Jerold Phelps Community Hospital,17,Garberville,https://www.ahd.com/free_profile/051309/Jerold_Phelps_Community_Hospital/Garberville/California/
175,John C. Fremont Healthcare District,34,Mariposa,https://www.ahd.com/free_profile/051304/John_C_Fremont_Healthcare_District/Mariposa/California/
176,John F. Kennedy Memorial Hospital,130,Indio,https://www.ahd.com/free_profile/050534/John_F_Kennedy_Memorial_Hospital/Indio/California/
177,John George Psychiatric Hospital ,0,San Leandro,https://www.ahd.com/free_profile/I41656/John_George_Psychiatric_Hospital_/San_Leandro/California/
178,John Muir Behavioral Health Center,73,Concord,https://www.ahd.com/free_profile/054131/John_Muir_Behavioral_Health_Center/Concord/California/
179,Joyce Eisenberg-Keefer Medical Center,10,Reseda,https://www.ahd.com/free_profile/054147/Joyce_Eisenberg-Keefer_Medical_Center/Reseda/California/
180,Kaiser Permanente Behavioral Health Center in Santa Clara,0,Santa Clara,https://www.ahd.com/free_profile/054150/Kaiser_Permanente_Behavioral_Health_Center_in_Santa_Clara/Santa_Clara/California/
181,Kaiser Permanente Fremont Medical Center,100,Fremont,https://www.ahd.com/free_profile/050512/Kaiser_Permanente_Fremont_Medical_Center/Fremont/California/
182,Kaiser Permanente Roseville Medical Center,340,Roseville,https://www.ahd.com/free_profile/050772/Kaiser_Permanente_Roseville_Medical_Center/Roseville/California/
183,Kaiser Permanente Sacramento Medical Center,287,Sacramento,https://www.ahd.com/free_profile/050425/Kaiser_Permanente_Sacramento_Medical_Center/Sacramento/California/
184,Kaiser Permanente San Diego Medical Center,0,San Diego,https://www.ahd.com/free_profile/I42191/Kaiser_Permanente_San_Diego_Medical_Center/San_Diego/California/
185,Kaiser Permanente San Francisco Medical Center,239,San Francisco,https://www.ahd.com/free_profile/050076/Kaiser_Permanente_San_Francisco_Medical_Center/San_Francisco/California/
186,Kaiser Permanente South San Francisco Medical Center ,120,South San Francisco,https://www.ahd.com/free_profile/050070/Kaiser_Permanente_South_San_Francisco_Medical_Center_/South_San_Francisco/California/
187,Kaiser Permanente Zion Medical Center,596,San Diego,https://www.ahd.com/free_profile/050515/Kaiser_Permanente_Zion_Medical_Center/San_Diego/California/
188,Kaweah Delta Medical Center,581,Visalia,https://www.ahd.com/free_profile/050057/Kaweah_Delta_Medical_Center/Visalia/California/
189,Keck Hospital of USC,331,Los Angeles,https://www.ahd.com/free_profile/050696/Keck_Hospital_of_USC/Los_Angeles/California/
190,Kedren Health,0,Los Angeles,https://www.ahd.com/free_profile/054083/Kedren_Health/Los_Angeles/California/
191,Kentfield Hospital,120,Kentfield,https://www.ahd.com/free_profile/052043/Kentfield_Hospital/Kentfield/California/
192,Kentfield Hospital San Francisco,0,San Francisco,https://www.ahd.com/free_profile/052056/Kentfield_Hospital_San_Francisco/San_Francisco/California/
193,Kern Medical Center,222,Bakersfield,https://www.ahd.com/free_profile/050315/Kern_Medical_Center/Bakersfield/California/
194,Kern Valley Healthcare District,98,Mountain Mesa,https://www.ahd.com/free_profile/051314/Kern_Valley_Healthcare_District/Mountain_Mesa/California/
195,Kindred Hospital - Brea,86,Brea,https://www.ahd.com/free_profile/052039/Kindred_Hospital_-_Brea/Brea/California/
196,Kindred Hospital - Los Angeles,81,Los Angeles,https://www.ahd.com/free_profile/052032/Kindred_Hospital_-_Los_Angeles/Los_Angeles/California/
197,Kindred Hospital - Ontario,91,Ontario,https://www.ahd.com/free_profile/052037/Kindred_Hospital_-_Ontario/Ontario/California/
198,Kindred Hospital - San Diego,70,San Diego,https://www.ahd.com/free_profile/052036/Kindred_Hospital_-_San_Diego/San_Diego/California/
199,Kindred Hospital - San Francisco Bay Area,99,San Leandro,https://www.ahd.com/free_profile/052034/Kindred_Hospital_-_San_Francisco_Bay_Area/San_Leandro/California/
200,Kindred Hospital - San Gabriel Valley,0,West Covina,https://www.ahd.com/free_profile/I41107/Kindred_Hospital_-_San_Gabriel_Valley/West_Covina/California/
201,Kindred Hospital - Santa Ana,0,Santa Ana,https://www.ahd.com/free_profile/I41108/Kindred_Hospital_-_Santa_Ana/Santa_Ana/California/
202,Kindred Hospital - Westminster,109,Westminster,https://www.ahd.com/free_profile/052035/Kindred_Hospital_-_Westminster/Westminster/California/
203,Kindred Hospital Baldwin Park,91,Baldwin Park,https://www.ahd.com/free_profile/052045/Kindred_Hospital_Baldwin_Park/Baldwin_Park/California/
204,Kindred Hospital La Mirada,216,La Mirada,https://www.ahd.com/free_profile/052038/Kindred_Hospital_La_Mirada/La_Mirada/California/
205,Kindred Hospital of Riverside,40,Perris,https://www.ahd.com/free_profile/052052/Kindred_Hospital_of_Riverside/Perris/California/
206,Kindred Hospital of South Bay,59,Gardena,https://www.ahd.com/free_profile/052050/Kindred_Hospital_of_South_Bay/Gardena/California/
207,Kindred Hospital Paramount,177,Paramount,https://www.ahd.com/free_profile/052046/Kindred_Hospital_Paramount/Paramount/California/
208,Kindred Hospital Rancho,55,Rancho Cucamonga,https://www.ahd.com/free_profile/052049/Kindred_Hospital_Rancho/Rancho_Cucamonga/California/
209,LA Downtown Medical Center Downtown Campus,234,Los Angeles,https://www.ahd.com/free_profile/050763/LA_Downtown_Medical_Center_Downtown_Campus/Los_Angeles/California/
210,LA Downtown Medical Center Ingleside Campus,0,Rosemead,https://www.ahd.com/free_profile/I41801/LA_Downtown_Medical_Center_Ingleside_Campus/Rosemead/California/
211,La Palma Intercommunity Hospital,140,La Palma,https://www.ahd.com/free_profile/050580/La_Palma_Intercommunity_Hospital/La_Palma/California/
212,Laguna Honda Hospital and Rehabilitation Center,780,San Francisco,https://www.ahd.com/free_profile/050668/Laguna_Honda_Hospital_and_Rehabilitation_Center/San_Francisco/California/
213,Lakewood Regional Medical Center,172,Lakewood,https://www.ahd.com/free_profile/050581/Lakewood_Regional_Medical_Center/Lakewood/California/
214,Langley Porter Psychiatric Hospital and Clinics,56,San Francisco,https://www.ahd.com/free_profile/054144/Langley_Porter_Psychiatric_Hospital_and_Clinics/San_Francisco/California/
215,Las Encinas Hospital,118,Pasadena,https://www.ahd.com/free_profile/054078/Las_Encinas_Hospital/Pasadena/California/
216,Loma Linda University Behavioral Medicine Center,89,Redlands,https://www.ahd.com/free_profile/054093/Loma_Linda_University_Behavioral_Medicine_Center/Redlands/California/
217,Loma Linda University Children's Hospital,343,Loma Linda,https://www.ahd.com/free_profile/050778/Loma_Linda_University_Children%27s_Hospital/Loma_Linda/California/
218,Loma Linda University Medical Center,530,Loma Linda,https://www.ahd.com/free_profile/050327/Loma_Linda_University_Medical_Center/Loma_Linda/California/
219,Loma Linda University Medical Center - Murrieta,111,Murrieta,https://www.ahd.com/free_profile/050770/Loma_Linda_University_Medical_Center_-_Murrieta/Murrieta/California/
220,Loma Linda University Medical Center East Campus,0,Loma Linda,https://www.ahd.com/free_profile/I41579/Loma_Linda_University_Medical_Center_East_Campus/Loma_Linda/California/
221,Loma Linda University Surgical Hospital ,0,Redlands,https://www.ahd.com/free_profile/I41581/Loma_Linda_University_Surgical_Hospital_/Redlands/California/
222,Lompoc Valley Medical Center,170,Lompoc,https://www.ahd.com/free_profile/050110/Lompoc_Valley_Medical_Center/Lompoc/California/
223,Long Beach Medical Center,453,Long Beach,https://www.ahd.com/free_profile/050485/Long_Beach_Medical_Center/Long_Beach/California/
224,Los Alamitos Medical Center,150,Los Alamitos,https://www.ahd.com/free_profile/050551/Los_Alamitos_Medical_Center/Los_Alamitos/California/
225,Los Angeles Community Hospital,324,Los Angeles,https://www.ahd.com/free_profile/050663/Los_Angeles_Community_Hospital/Los_Angeles/California/
226,Los Angeles Community Hospital at Bellflower,0,Bellflower ,https://www.ahd.com/free_profile/I42170/Los_Angeles_Community_Hospital_at_Bellflower/Bellflower_/California/
227,Los Angeles County and University of Southern California Medical Center,670,Los Angeles,https://www.ahd.com/free_profile/050373/Los_Angeles_County_and_University_of_Southern_California_Medical_Center/Los_Angeles/California/
228,Los Angeles Medical Center,560,Los Angeles,https://www.ahd.com/free_profile/050138/Los_Angeles_Medical_Center/Los_Angeles/California/
229,Los Robles Regional Medical Center,341,Thousand Oaks,https://www.ahd.com/free_profile/050549/Los_Robles_Regional_Medical_Center/Thousand_Oaks/California/
230,Lucile Packard Children's Hospital at Stanford,397,Palo Alto,https://www.ahd.com/free_profile/053305/Lucile_Packard_Children%27s_Hospital_at_Stanford/Palo_Alto/California/
231,Mad River Community Hospital,49,Arcata,https://www.ahd.com/free_profile/050028/Mad_River_Community_Hospital/Arcata/California/
232,Madera Community Hospital,106,Madera,https://www.ahd.com/free_profile/050568/Madera_Community_Hospital/Madera/California/
233,Mammoth Hospital,17,Mammoth Lakes,https://www.ahd.com/free_profile/051303/Mammoth_Hospital/Mammoth_Lakes/California/
234,Manteca Medical Center ,251,Manteca,https://www.ahd.com/free_profile/050748/Manteca_Medical_Center_/Manteca/California/
235,Marian Regional Medical Center,388,Santa Maria,https://www.ahd.com/free_profile/050107/Marian_Regional_Medical_Center/Santa_Maria/California/
236,Marina Del Rey Hospital,103,Marina Del Rey,https://www.ahd.com/free_profile/050740/Marina_Del_Rey_Hospital/Marina_Del_Rey/California/
237,Mark Twain Medical Center,25,San Andreas,https://www.ahd.com/free_profile/051332/Mark_Twain_Medical_Center/San_Andreas/California/
238,Marshall Medical Center,111,Placerville,https://www.ahd.com/free_profile/050254/Marshall_Medical_Center/Placerville/California/
239,"Martin Luther King, Jr. Community Hospital ",131,Los Angeles,https://www.ahd.com/free_profile/050779/Martin_Luther_King%2C_Jr_Community_Hospital_/Los_Angeles/California/
240,Mayers Memorial Hospital,115,Fall River Mills,https://www.ahd.com/free_profile/051305/Mayers_Memorial_Hospital/Fall_River_Mills/California/
241,Memorial Hospital Los Banos,28,Los Banos,https://www.ahd.com/free_profile/050528/Memorial_Hospital_Los_Banos/Los_Banos/California/
242,Memorial Hospital of Gardena,175,Gardena,https://www.ahd.com/free_profile/050468/Memorial_Hospital_of_Gardena/Gardena/California/
243,Memorial Medical Center,403,Modesto,https://www.ahd.com/free_profile/050557/Memorial_Medical_Center/Modesto/California/
244,Menifee Global Medical Center,84,Menifee,https://www.ahd.com/free_profile/050684/Menifee_Global_Medical_Center/Menifee/California/
245,Mercy General Hospital,419,Sacramento,https://www.ahd.com/free_profile/050017/Mercy_General_Hospital/Sacramento/California/
246,Mercy Hospital Downtown Bakersfield,226,Bakersfield,https://www.ahd.com/free_profile/050295/Mercy_Hospital_Downtown_Bakersfield/Bakersfield/California/
247,Mercy Hospital of Folsom,106,Folsom,https://www.ahd.com/free_profile/050414/Mercy_Hospital_of_Folsom/Folsom/California/
248,Mercy Hospital Southwest,0,Bakersfield,https://www.ahd.com/free_profile/I41032/Mercy_Hospital_Southwest/Bakersfield/California/
249,Mercy Medical Center Merced,186,Merced,https://www.ahd.com/free_profile/050444/Mercy_Medical_Center_Merced/Merced/California/
250,Mercy Medical Center Mount Shasta,25,Mount Shasta,https://www.ahd.com/free_profile/051319/Mercy_Medical_Center_Mount_Shasta/Mount_Shasta/California/
251,Mercy Medical Center Redding,266,Redding,https://www.ahd.com/free_profile/050280/Mercy_Medical_Center_Redding/Redding/California/
252,Mercy San Juan Medical Center,370,Carmichael,https://www.ahd.com/free_profile/050516/Mercy_San_Juan_Medical_Center/Carmichael/California/
253,Methodist Hospital,348,Arcadia,https://www.ahd.com/free_profile/050238/Methodist_Hospital/Arcadia/California/
254,Methodist Hospital of Sacramento,329,Sacramento,https://www.ahd.com/free_profile/050590/Methodist_Hospital_of_Sacramento/Sacramento/California/
255,Miller Children's and Women's Hospital Long Beach ,357,Long Beach,https://www.ahd.com/free_profile/053309/Miller_Children%27s_and_Women%27s_Hospital_Long_Beach_/Long_Beach/California/
256,Mills Health Center,0,San Mateo,https://www.ahd.com/free_profile/I41524/Mills_Health_Center/San_Mateo/California/
257,Mills-Peninsula Medical Center,317,Burlingame,https://www.ahd.com/free_profile/050007/Mills-Peninsula_Medical_Center/Burlingame/California/
258,Mission Community Hospital,145,Panorama City,https://www.ahd.com/free_profile/050704/Mission_Community_Hospital/Panorama_City/California/
259,Mission Hospital Mission Viejo,523,Mission Viejo,https://www.ahd.com/free_profile/050567/Mission_Hospital_Mission_Viejo/Mission_Viejo/California/
260,Modesto Medical Center,0,Modesto,https://www.ahd.com/free_profile/I41678/Modesto_Medical_Center/Modesto/California/
261,Modoc Medical Center,87,Alturas,https://www.ahd.com/free_profile/051330/Modoc_Medical_Center/Alturas/California/
262,Monrovia Memorial Hospital,49,Monrovia,https://www.ahd.com/free_profile/052054/Monrovia_Memorial_Hospital/Monrovia/California/
263,Montclair Hospital Medical Center,106,Montclair,https://www.ahd.com/free_profile/050758/Montclair_Hospital_Medical_Center/Montclair/California/
264,Monterey Park Hospital,101,Monterey Park,https://www.ahd.com/free_profile/050736/Monterey_Park_Hospital/Monterey_Park/California/
265,Moreno Valley Medical Center,94,Moreno Valley,https://www.ahd.com/free_profile/050765/Moreno_Valley_Medical_Center/Moreno_Valley/California/
266,Motion Picture & Television Hospital,122,Woodland Hills,https://www.ahd.com/free_profile/054156/Motion_Picture_%26_Television_Hospital/Woodland_Hills/California/
267,Mountain Communities Healthcare District Trinity Hospital,48,Weaverville,https://www.ahd.com/free_profile/051315/Mountain_Communities_Healthcare_District_Trinity_Hospital/Weaverville/California/
268,Mountains Community Hospital,37,Lake Arrowhead,https://www.ahd.com/free_profile/051312/Mountains_Community_Hospital/Lake_Arrowhead/California/
269,Natividad Medical Center,172,Salinas,https://www.ahd.com/free_profile/050248/Natividad_Medical_Center/Salinas/California/
270,Naval Health Clinic Lemoore,0,Lemoore,https://www.ahd.com/free_profile/I08089/Naval_Health_Clinic_Lemoore/Lemoore/California/
271,Naval Hospital Camp Pendleton,0,Camp Pendleton,https://www.ahd.com/free_profile/05020F/Naval_Hospital_Camp_Pendleton/Camp_Pendleton/California/
272,Naval Hospital Twentynine Palms,0,Twentynine Palms,https://www.ahd.com/free_profile/05039F/Naval_Hospital_Twentynine_Palms/Twentynine_Palms/California/
273,Naval Medical Center San Diego,0,San Diego,https://www.ahd.com/free_profile/05022F/Naval_Medical_Center_San_Diego/San_Diego/California/
274,Newport Bay Hospital,36,Newport Beach,https://www.ahd.com/free_profile/054135/Newport_Bay_Hospital/Newport_Beach/California/
275,NorthBay Medical Center,182,Fairfield,https://www.ahd.com/free_profile/050367/NorthBay_Medical_Center/Fairfield/California/
276,NorthBay VacaValley Hospital,50,Vacaville,https://www.ahd.com/free_profile/050680/NorthBay_VacaValley_Hospital/Vacaville/California/
277,Northern Inyo Hospital,25,Bishop,https://www.ahd.com/free_profile/051324/Northern_Inyo_Hospital/Bishop/California/
278,Northridge Hospital,394,Northridge,https://www.ahd.com/free_profile/050116/Northridge_Hospital/Northridge/California/
279,Norwalk Community Hospital,0,Norwalk,https://www.ahd.com/free_profile/I41902/Norwalk_Community_Hospital/Norwalk/California/
280,Novato Community Hospital,47,Novato,https://www.ahd.com/free_profile/050131/Novato_Community_Hospital/Novato/California/
281,O'Connor Hospital,348,San Jose,https://www.ahd.com/free_profile/050153/O%27Connor_Hospital/San_Jose/California/
282,Oak Valley Hospital District,150,Oakdale,https://www.ahd.com/free_profile/050067/Oak_Valley_Hospital_District/Oakdale/California/
283,Oakland Medical Center,365,Oakland,https://www.ahd.com/free_profile/050075/Oakland_Medical_Center/Oakland/California/
284,Ocean View Adult Psychiatric Hospital,36,Long Beach,https://www.ahd.com/free_profile/054153/Ocean_View_Adult_Psychiatric_Hospital/Long_Beach/California/
285,Ojai Valley Community Hospital ,91,Ojai,https://www.ahd.com/free_profile/051334/Ojai_Valley_Community_Hospital_/Ojai/California/
286,Olive View-UCLA Medical Center,275,Sylmar,https://www.ahd.com/free_profile/050040/Olive_View-UCLA_Medical_Center/Sylmar/California/
287,Ontario Medical Center,0,Ontario,https://www.ahd.com/free_profile/I41848/Ontario_Medical_Center/Ontario/California/
288,Orange Coast Memorial Medical Center,222,Fountain Valley,https://www.ahd.com/free_profile/050678/Orange_Coast_Memorial_Medical_Center/Fountain_Valley/California/
289,Orange County Global Medical Center,282,Santa Ana,https://www.ahd.com/free_profile/050746/Orange_County_Global_Medical_Center/Santa_Ana/California/
290,Orange County-Irvine Medical Center,0,Irvine,https://www.ahd.com/free_profile/I41516/Orange_County-Irvine_Medical_Center/Irvine/California/
291,Orchard Hospital,106,Gridley,https://www.ahd.com/free_profile/051311/Orchard_Hospital/Gridley/California/
292,Oroville Hospital,153,Oroville,https://www.ahd.com/free_profile/050030/Oroville_Hospital/Oroville/California/
293,Pacific Grove Hospital,68,Riverside,https://www.ahd.com/free_profile/054130/Pacific_Grove_Hospital/Riverside/California/
294,Pacifica Hospital of the Valley,231,Sun Valley,https://www.ahd.com/free_profile/050378/Pacifica_Hospital_of_the_Valley/Sun_Valley/California/
295,Palmdale Regional Medical Center,184,Palmdale,https://www.ahd.com/free_profile/050204/Palmdale_Regional_Medical_Center/Palmdale/California/
296,Palo Verde Hospital,51,Blythe,https://www.ahd.com/free_profile/050423/Palo_Verde_Hospital/Blythe/California/
297,Palomar Medical Center Escondido,304,Escondido,https://www.ahd.com/free_profile/050115/Palomar_Medical_Center_Escondido/Escondido/California/
298,Palomar Medical Center Poway,236,Poway,https://www.ahd.com/free_profile/050636/Palomar_Medical_Center_Poway/Poway/California/
299,Panorama City Medical Center,218,Panorama City,https://www.ahd.com/free_profile/050137/Panorama_City_Medical_Center/Panorama_City/California/
300,Paradise Valley Hospital,291,National City,https://www.ahd.com/free_profile/050024/Paradise_Valley_Hospital/National_City/California/
301,Parkview Community Hospital Medical Center,193,Riverside,https://www.ahd.com/free_profile/050102/Parkview_Community_Hospital_Medical_Center/Riverside/California/
302,Patients Hospital of Redding,10,Redding,https://www.ahd.com/free_profile/050697/Patients_Hospital_of_Redding/Redding/California/
303,Petaluma Valley Hospital,80,Petaluma,https://www.ahd.com/free_profile/050136/Petaluma_Valley_Hospital/Petaluma/California/
304,PIH Health Good Samaritan Hospital,333,Los Angeles,https://www.ahd.com/free_profile/050471/PIH_Health_Good_Samaritan_Hospital/Los_Angeles/California/
305,PIH Health Hospital - Downey,199,Downey,https://www.ahd.com/free_profile/050393/PIH_Health_Hospital_-_Downey/Downey/California/
306,PIH Health Whittier Hospital,439,Whittier,https://www.ahd.com/free_profile/050169/PIH_Health_Whittier_Hospital/Whittier/California/
307,Pioneers Memorial Hospital,107,Brawley,https://www.ahd.com/free_profile/050342/Pioneers_Memorial_Hospital/Brawley/California/
308,Placentia-Linda Hospital,114,Placentia,https://www.ahd.com/free_profile/050589/Placentia-Linda_Hospital/Placentia/California/
309,Plumas District Hospital,14,Quincy,https://www.ahd.com/free_profile/051326/Plumas_District_Hospital/Quincy/California/
310,Pomona Valley Hospital Medical Center,412,Pomona,https://www.ahd.com/free_profile/050231/Pomona_Valley_Hospital_Medical_Center/Pomona/California/
311,Porterville Developmental Center,35,Porterville,https://www.ahd.com/free_profile/050546/Porterville_Developmental_Center/Porterville/California/
312,Providence Cedars-Sinai Tarzana Medical Center,249,Tarzana,https://www.ahd.com/free_profile/050761/Providence_Cedars-Sinai_Tarzana_Medical_Center/Tarzana/California/
313,Providence Holy Cross Medical Center,377,Mission Hills,https://www.ahd.com/free_profile/050278/Providence_Holy_Cross_Medical_Center/Mission_Hills/California/
314,Providence Little Company of Mary Medical Center San Pedro,356,San Pedro,https://www.ahd.com/free_profile/050078/Providence_Little_Company_of_Mary_Medical_Center_San_Pedro/San_Pedro/California/
315,Providence Little Company of Mary Medical Center Torrance,442,Torrance,https://www.ahd.com/free_profile/050353/Providence_Little_Company_of_Mary_Medical_Center_Torrance/Torrance/California/
316,Providence Mission Hospital Laguna Beach,189,Laguna Beach,https://www.ahd.com/free_profile/050193/Providence_Mission_Hospital_Laguna_Beach/Laguna_Beach/California/
317,Providence Redwood Memorial Hospital,25,Fortuna,https://www.ahd.com/free_profile/051318/Providence_Redwood_Memorial_Hospital/Fortuna/California/
318,Providence Saint Joseph Medical Center,298,Burbank,https://www.ahd.com/free_profile/050235/Providence_Saint_Joseph_Medical_Center/Burbank/California/
319,Queen of the Valley Medical Center,148,Napa,https://www.ahd.com/free_profile/050009/Queen_of_the_Valley_Medical_Center/Napa/California/
320,Rady Children's Hospital - San Diego,425,San Diego,https://www.ahd.com/free_profile/053303/Rady_Children%27s_Hospital_-_San_Diego/San_Diego/California/
321,Rancho Los Amigos National Rehabilitation Center,158,Downey,https://www.ahd.com/free_profile/050717/Rancho_Los_Amigos_National_Rehabilitation_Center/Downey/California/
322,Rancho Springs Medical Center,240,Murrieta,https://www.ahd.com/free_profile/050701/Rancho_Springs_Medical_Center/Murrieta/California/
323,Redlands Community Hospital,229,Redlands,https://www.ahd.com/free_profile/050272/Redlands_Community_Hospital/Redlands/California/
324,Redwood City Medical Center,149,Redwood City,https://www.ahd.com/free_profile/050541/Redwood_City_Medical_Center/Redwood_City/California/
325,Regional Medical Center of San Jose,247,San Jose,https://www.ahd.com/free_profile/050125/Regional_Medical_Center_of_San_Jose/San_Jose/California/
326,Richmond Medical Center,0,Richmond,https://www.ahd.com/free_profile/I42028/Richmond_Medical_Center/Richmond/California/
327,Ridgecrest Regional Hospital,150,Ridgecrest,https://www.ahd.com/free_profile/051333/Ridgecrest_Regional_Hospital/Ridgecrest/California/
328,Riverside Community Hospital,478,Riverside,https://www.ahd.com/free_profile/050022/Riverside_Community_Hospital/Riverside/California/
329,Riverside Medical Center,226,Riverside,https://www.ahd.com/free_profile/050686/Riverside_Medical_Center/Riverside/California/
330,Riverside University Medical Center ,423,Moreno Valley,https://www.ahd.com/free_profile/050292/Riverside_University_Medical_Center_/Moreno_Valley/California/
331,Ronald Reagan UCLA Medical Center,445,Los Angeles,https://www.ahd.com/free_profile/050262/Ronald_Reagan_UCLA_Medical_Center/Los_Angeles/California/
332,Saddleback Medical Center,248,Laguna Hills,https://www.ahd.com/free_profile/050603/Saddleback_Medical_Center/Laguna_Hills/California/
333,Saint Agnes Medical Center,385,Fresno,https://www.ahd.com/free_profile/050093/Saint_Agnes_Medical_Center/Fresno/California/
334,Saint Bernardine Medical Center,308,San Bernardino,https://www.ahd.com/free_profile/050129/Saint_Bernardine_Medical_Center/San_Bernardino/California/
335,Saint Elizabeth Community Hospital,49,Red Bluff,https://www.ahd.com/free_profile/050042/Saint_Elizabeth_Community_Hospital/Red_Bluff/California/
336,Saint Francis Medical Center,384,Lynwood,https://www.ahd.com/free_profile/050104/Saint_Francis_Medical_Center/Lynwood/California/
337,Saint Francis Memorial Hospital,211,San Francisco,https://www.ahd.com/free_profile/050152/Saint_Francis_Memorial_Hospital/San_Francisco/California/
338,Saint John's Pleasant Valley Hospital,132,Camarillo,https://www.ahd.com/free_profile/050616/Saint_John%27s_Pleasant_Valley_Hospital/Camarillo/California/
339,Saint John's Regional Medical Center,401,Oxnard,https://www.ahd.com/free_profile/050082/Saint_John%27s_Regional_Medical_Center/Oxnard/California/
340,Saint Joseph Hospital Acute Rehabilitation Unit,0,Eureka,https://www.ahd.com/free_profile/I42090/Saint_Joseph_Hospital_Acute_Rehabilitation_Unit/Eureka/California/
341,Saint Joseph Hospital Eureka,137,Eureka,https://www.ahd.com/free_profile/050006/Saint_Joseph_Hospital_Eureka/Eureka/California/
342,Saint Joseph Hospital Orange,463,Orange,https://www.ahd.com/free_profile/050069/Saint_Joseph_Hospital_Orange/Orange/California/
343,Saint Joseph's Behavioral Health Center,35,Stockton,https://www.ahd.com/free_profile/054123/Saint_Joseph%27s_Behavioral_Health_Center/Stockton/California/
344,Saint Joseph's Medical Center,348,Stockton,https://www.ahd.com/free_profile/050084/Saint_Joseph%27s_Medical_Center/Stockton/California/
345,Saint Jude Medical Center,320,Fullerton,https://www.ahd.com/free_profile/050168/Saint_Jude_Medical_Center/Fullerton/California/
346,Saint Louise Regional Hospital,72,Gilroy,https://www.ahd.com/free_profile/050688/Saint_Louise_Regional_Hospital/Gilroy/California/
347,Saint Mary Medical Center,213,Apple Valley,https://www.ahd.com/free_profile/050300/Saint_Mary_Medical_Center/Apple_Valley/California/
348,Saint Mary's Medical Center,159,San Francisco,https://www.ahd.com/free_profile/050457/Saint_Mary%27s_Medical_Center/San_Francisco/California/
349,Saint Rose Hospital,153,Hayward,https://www.ahd.com/free_profile/050002/Saint_Rose_Hospital/Hayward/California/
350,Salinas Valley Memorial Hospital,240,Salinas,https://www.ahd.com/free_profile/050334/Salinas_Valley_Memorial_Hospital/Salinas/California/
351,San Antonio Regional Hospital ,363,Upland,https://www.ahd.com/free_profile/050099/San_Antonio_Regional_Hospital_/Upland/California/
352,San Diego County Psychiatric Hospital,0,San Diego,https://www.ahd.com/free_profile/054114/San_Diego_County_Psychiatric_Hospital/San_Diego/California/
353,San Dimas Community Hospital,101,San Dimas,https://www.ahd.com/free_profile/050588/San_Dimas_Community_Hospital/San_Dimas/California/
354,San Francisco Campus for Jewish Living,391,San Francisco,https://www.ahd.com/free_profile/054089/San_Francisco_Campus_for_Jewish_Living/San_Francisco/California/
355,San Francisco VA Medical Center,0,San Francisco,https://www.ahd.com/free_profile/05130F/San_Francisco_VA_Medical_Center/San_Francisco/California/
356,San Gabriel Valley Medical Center,273,San Gabriel,https://www.ahd.com/free_profile/050132/San_Gabriel_Valley_Medical_Center/San_Gabriel/California/
357,San Gorgonio Memorial Hospital,61,Banning,https://www.ahd.com/free_profile/050054/San_Gorgonio_Memorial_Hospital/Banning/California/
358,San Joaquin General Hospital,196,French Camp,https://www.ahd.com/free_profile/050167/San_Joaquin_General_Hospital/French_Camp/California/
359,San Joaquin Valley Rehabilitation Hospital ,62,Fresno,https://www.ahd.com/free_profile/053032/San_Joaquin_Valley_Rehabilitation_Hospital_/Fresno/California/
360,San Jose Behavioral Health,80,San Jose,https://www.ahd.com/free_profile/054154/San_Jose_Behavioral_Health/San_Jose/California/
361,San Jose Medical Center Main Campus ,235,San Jose,https://www.ahd.com/free_profile/050604/San_Jose_Medical_Center_Main_Campus_/San_Jose/California/
362,San Leandro Hospital,48,San Leandro,https://www.ahd.com/free_profile/050773/San_Leandro_Hospital/San_Leandro/California/
363,San Leandro Medical Center,206,San Leandro,https://www.ahd.com/free_profile/050777/San_Leandro_Medical_Center/San_Leandro/California/
364,San Mateo Medical Center,447,San Mateo,https://www.ahd.com/free_profile/050113/San_Mateo_Medical_Center/San_Mateo/California/
365,San Rafael Medical Center,116,San Rafael,https://www.ahd.com/free_profile/050510/San_Rafael_Medical_Center/San_Rafael/California/
366,San Ramon Regional Medical Center,123,San Ramon,https://www.ahd.com/free_profile/050689/San_Ramon_Regional_Medical_Center/San_Ramon/California/
367,Santa Barbara Cottage Hospital,399,Santa Barbara,https://www.ahd.com/free_profile/050396/Santa_Barbara_Cottage_Hospital/Santa_Barbara/California/
368,"Santa Barbara County Alcohol, Drug and Mental Health Services",16,Santa Barbara,https://www.ahd.com/free_profile/054125/Santa_Barbara_County_Alcohol%2C_Drug_and_Mental_Health_Services/Santa_Barbara/California/
369,Santa Clara Medical Center,331,Santa Clara,https://www.ahd.com/free_profile/050071/Santa_Clara_Medical_Center/Santa_Clara/California/
370,Santa Clara Valley Medical Center,972,San Jose,https://www.ahd.com/free_profile/050038/Santa_Clara_Valley_Medical_Center/San_Jose/California/
371,Santa Cruz County Psychiatric Health Facility,16,Santa Cruz,https://www.ahd.com/free_profile/054152/Santa_Cruz_County_Psychiatric_Health_Facility/Santa_Cruz/California/
372,Santa Paula Hospital,0,Santa Paula,https://www.ahd.com/free_profile/I42328/Santa_Paula_Hospital/Santa_Paula/California/
373,Santa Rosa Hospital,173,Santa Rosa,https://www.ahd.com/free_profile/050690/Santa_Rosa_Hospital/Santa_Rosa/California/
374,Santa Rosa Memorial Hospital,290,Santa Rosa,https://www.ahd.com/free_profile/050174/Santa_Rosa_Memorial_Hospital/Santa_Rosa/California/
375,Santa Ynez Valley Cottage Hospital,11,Solvang,https://www.ahd.com/free_profile/051331/Santa_Ynez_Valley_Cottage_Hospital/Solvang/California/
376,Scripps Green Hospital,150,La Jolla,https://www.ahd.com/free_profile/050424/Scripps_Green_Hospital/La_Jolla/California/
377,Scripps Memorial Hospital Encinitas,193,Encinitas,https://www.ahd.com/free_profile/050503/Scripps_Memorial_Hospital_Encinitas/Encinitas/California/
378,Scripps Memorial Hospital La Jolla,365,La Jolla,https://www.ahd.com/free_profile/050324/Scripps_Memorial_Hospital_La_Jolla/La_Jolla/California/
379,Scripps Mercy Hospital Chula Vista,173,Chula Vista,https://www.ahd.com/free_profile/050270/Scripps_Mercy_Hospital_Chula_Vista/Chula_Vista/California/
380,Scripps Mercy Hospital San Diego,523,San Diego,https://www.ahd.com/free_profile/050077/Scripps_Mercy_Hospital_San_Diego/San_Diego/California/
381,Select Specialty Hospital-San Diego,110,San Diego,https://www.ahd.com/free_profile/052044/Select_Specialty_Hospital-San_Diego/San_Diego/California/
382,Seneca Healthcare District,26,Chester,https://www.ahd.com/free_profile/051327/Seneca_Healthcare_District/Chester/California/
383,Sequoia Hospital,208,Redwood City,https://www.ahd.com/free_profile/050197/Sequoia_Hospital/Redwood_City/California/
384,Sharp Chula Vista Medical Center,449,Chula Vista,https://www.ahd.com/free_profile/050222/Sharp_Chula_Vista_Medical_Center/Chula_Vista/California/
385,Sharp Coronado Hospital,181,Coronado,https://www.ahd.com/free_profile/050234/Sharp_Coronado_Hospital/Coronado/California/
386,Sharp Grossmont Hospital,524,La Mesa,https://www.ahd.com/free_profile/050026/Sharp_Grossmont_Hospital/La_Mesa/California/
387,Sharp Mary Birch Hospital for Women and Newborns,0,San Diego,https://www.ahd.com/free_profile/050722/Sharp_Mary_Birch_Hospital_for_Women_and_Newborns/San_Diego/California/
388,Sharp Memorial Hospital,862,San Diego,https://www.ahd.com/free_profile/050100/Sharp_Memorial_Hospital/San_Diego/California/
389,Sharp Mesa Vista Hospital,159,San Diego,https://www.ahd.com/free_profile/054145/Sharp_Mesa_Vista_Hospital/San_Diego/California/
390,Shasta Regional Medical Center,226,Redding,https://www.ahd.com/free_profile/050764/Shasta_Regional_Medical_Center/Redding/California/
391,Sherman Oaks Hospital,153,Sherman Oaks,https://www.ahd.com/free_profile/050755/Sherman_Oaks_Hospital/Sherman_Oaks/California/
392,Shriners Hospitals for Children - Northern California,0,Sacramento,https://www.ahd.com/free_profile/053311/Shriners_Hospitals_for_Children_-_Northern_California/Sacramento/California/
393,Sierra Nevada Memorial Hospital,104,Grass Valley,https://www.ahd.com/free_profile/050150/Sierra_Nevada_Memorial_Hospital/Grass_Valley/California/
394,Sierra View Medical Center,163,Porterville,https://www.ahd.com/free_profile/050261/Sierra_View_Medical_Center/Porterville/California/
395,Sierra Vista Hospital,171,Sacramento,https://www.ahd.com/free_profile/054087/Sierra_Vista_Hospital/Sacramento/California/
396,Sierra Vista Regional Medical Center,162,San Luis Obispo,https://www.ahd.com/free_profile/050506/Sierra_Vista_Regional_Medical_Center/San_Luis_Obispo/California/
397,Sonoma Specialty Hospital,37,Sebastopol,https://www.ahd.com/free_profile/052057/Sonoma_Specialty_Hospital/Sebastopol/California/
398,Sonoma Valley Hospital,75,Sonoma,https://www.ahd.com/free_profile/050090/Sonoma_Valley_Hospital/Sonoma/California/
399,South Bay Medical Center,257,Harbor City,https://www.ahd.com/free_profile/050411/South_Bay_Medical_Center/Harbor_City/California/
400,South Coast Global Medical Center,178,Santa Ana,https://www.ahd.com/free_profile/050747/South_Coast_Global_Medical_Center/Santa_Ana/California/
401,South Sacramento Medical Center,233,Sacramento,https://www.ahd.com/free_profile/050674/South_Sacramento_Medical_Center/Sacramento/California/
402,Southern California Hospital at Culver City,406,Culver City,https://www.ahd.com/free_profile/050752/Southern_California_Hospital_at_Culver_City/Culver_City/California/
403,Southern California Hospital at Hollywood,612,Hollywood,https://www.ahd.com/free_profile/050135/Southern_California_Hospital_at_Hollywood/Hollywood/California/
404,Southern California Hospital at Van Nuys,0,Van Nuys,https://www.ahd.com/free_profile/I41903/Southern_California_Hospital_at_Van_Nuys/Van_Nuys/California/
405,Southern Inyo Hospital,37,Lone Pine,https://www.ahd.com/free_profile/051302/Southern_Inyo_Hospital/Lone_Pine/California/
406,Stanford Health - ValleyCare - Pleasanton,0,Pleasanton,https://www.ahd.com/free_profile/I41163/Stanford_Health_-_ValleyCare_-_Pleasanton/Pleasanton/California/
407,Stanford Health Care - ValleyCare-Livermore,242,Livermore,https://www.ahd.com/free_profile/050283/Stanford_Health_Care_-_ValleyCare-Livermore/Livermore/California/
408,Stanford Hospital,553,Stanford,https://www.ahd.com/free_profile/050441/Stanford_Hospital/Stanford/California/
409,Stanislaus Surgical Hospital,23,Modesto,https://www.ahd.com/free_profile/050726/Stanislaus_Surgical_Hospital/Modesto/California/
410,Sunland Home Foundation,9,Encinitas,https://www.ahd.com/free_profile/051990/Sunland_Home_Foundation/Encinitas/California/
411,Surprise Valley Healthcare District,26,Cedarville,https://www.ahd.com/free_profile/051308/Surprise_Valley_Healthcare_District/Cedarville/California/
412,Sutter Amador Hospital,52,Jackson,https://www.ahd.com/free_profile/050014/Sutter_Amador_Hospital/Jackson/California/
413,Sutter Auburn Faith Hospital,64,Auburn,https://www.ahd.com/free_profile/050498/Sutter_Auburn_Faith_Hospital/Auburn/California/
414,Sutter Center for Psychiatry,73,Sacramento,https://www.ahd.com/free_profile/054096/Sutter_Center_for_Psychiatry/Sacramento/California/
415,Sutter Coast Hospital,49,Crescent City,https://www.ahd.com/free_profile/050417/Sutter_Coast_Hospital/Crescent_City/California/
416,Sutter Davis Hospital,48,Davis,https://www.ahd.com/free_profile/050537/Sutter_Davis_Hospital/Davis/California/
417,Sutter Delta Medical Center,145,Antioch,https://www.ahd.com/free_profile/050523/Sutter_Delta_Medical_Center/Antioch/California/
418,Sutter Lakeside Hospital,25,Lakeport,https://www.ahd.com/free_profile/051329/Sutter_Lakeside_Hospital/Lakeport/California/
419,Sutter Maternity and Surgery Center of Santa Cruz,28,Santa Cruz,https://www.ahd.com/free_profile/050714/Sutter_Maternity_and_Surgery_Center_of_Santa_Cruz/Santa_Cruz/California/
420,Sutter Medical Center,501,Sacramento,https://www.ahd.com/free_profile/050108/Sutter_Medical_Center/Sacramento/California/
421,Sutter Roseville Medical Center,343,Roseville,https://www.ahd.com/free_profile/050309/Sutter_Roseville_Medical_Center/Roseville/California/
422,Sutter Santa Rosa Regional Hospital,84,Santa Rosa,https://www.ahd.com/free_profile/050291/Sutter_Santa_Rosa_Regional_Hospital/Santa_Rosa/California/
423,Sutter Solano Medical Center,106,Vallejo,https://www.ahd.com/free_profile/050101/Sutter_Solano_Medical_Center/Vallejo/California/
424,Sutter Surgical Hospital North Valley,14,Yuba City,https://www.ahd.com/free_profile/050766/Sutter_Surgical_Hospital_North_Valley/Yuba_City/California/
425,Sutter Tracy Community Hospital,77,Tracy,https://www.ahd.com/free_profile/050313/Sutter_Tracy_Community_Hospital/Tracy/California/
426,Tahoe Forest Hospital,62,Truckee,https://www.ahd.com/free_profile/051328/Tahoe_Forest_Hospital/Truckee/California/
427,Tarzana Treatment Center,4,Tarzana,https://www.ahd.com/free_profile/054148/Tarzana_Treatment_Center/Tarzana/California/
428,Temecula Valley Hospital,140,Temecula,https://www.ahd.com/free_profile/050775/Temecula_Valley_Hospital/Temecula/California/
429,Thousand Oaks Surgical Hospital,21,Thousand Oaks,https://www.ahd.com/free_profile/050749/Thousand_Oaks_Surgical_Hospital/Thousand_Oaks/California/
430,Torrance Memorial Medical Center,533,Torrance,https://www.ahd.com/free_profile/050351/Torrance_Memorial_Medical_Center/Torrance/California/
431,Totally Kids Rehabilitation Hospital ,0,Loma Linda,https://www.ahd.com/free_profile/053038/Totally_Kids_Rehabilitation_Hospital_/Loma_Linda/California/
432,Tri-City Medical Center,320,Oceanside,https://www.ahd.com/free_profile/050128/Tri-City_Medical_Center/Oceanside/California/
433,Twin Cities Community Hospital,122,Templeton,https://www.ahd.com/free_profile/050633/Twin_Cities_Community_Hospital/Templeton/California/
434,UC Davis Medical Center,617,Sacramento,https://www.ahd.com/free_profile/050599/UC_Davis_Medical_Center/Sacramento/California/
435,UC San Diego Medical Center,717,San Diego,https://www.ahd.com/free_profile/050025/UC_San_Diego_Medical_Center/San_Diego/California/
436,UCI Health,407,Orange,https://www.ahd.com/free_profile/050348/UCI_Health/Orange/California/
437,UCLA Mattel Children's Hospital,0,Los Angeles,https://www.ahd.com/free_profile/I42273/UCLA_Mattel_Children%27s_Hospital/Los_Angeles/California/
438,UCLA Resnick Neuropsychiatric Hospital ,74,Los Angeles,https://www.ahd.com/free_profile/054009/UCLA_Resnick_Neuropsychiatric_Hospital_/Los_Angeles/California/
439,UCLA Santa Monica Medical Center,281,Santa Monica,https://www.ahd.com/free_profile/050112/UCLA_Santa_Monica_Medical_Center/Santa_Monica/California/
440,UCSF Benioff Children's Hospital Oakland,206,Oakland,https://www.ahd.com/free_profile/053301/UCSF_Benioff_Children%27s_Hospital_Oakland/Oakland/California/
441,UCSF Benioff Children's Hospital San Francisco at Mission Bay,0,San Francisco ,https://www.ahd.com/free_profile/I42130/UCSF_Benioff_Children%27s_Hospital_San_Francisco_at_Mission_Bay/San_Francisco_/California/
442,UCSF Betty Irene Moore Women's Hospital,0,San Francisco,https://www.ahd.com/free_profile/I42016/UCSF_Betty_Irene_Moore_Women%27s_Hospital/San_Francisco/California/
443,UCSF Helen Diller Medical Center at Parnassus Heights,785,San Francisco,https://www.ahd.com/free_profile/050454/UCSF_Helen_Diller_Medical_Center_at_Parnassus_Heights/San_Francisco/California/
444,UCSF Medical Center at Mission Bay ,0,San Francisco,https://www.ahd.com/free_profile/I42237/UCSF_Medical_Center_at_Mission_Bay_/San_Francisco/California/
445,USC Norris Comprehensive Cancer Center,60,Los Angeles,https://www.ahd.com/free_profile/050660/USC_Norris_Comprehensive_Cancer_Center/Los_Angeles/California/
446,USC Verdugo Hills Hospital,158,Glendale,https://www.ahd.com/free_profile/050124/USC_Verdugo_Hills_Hospital/Glendale/California/
447,VA Central California Health Care System,0,Fresno,https://www.ahd.com/free_profile/05025F/VA_Central_California_Health_Care_System/Fresno/California/
448,VA Greater Los Angeles Healthcare System - West Los Angeles Medical Center,0,Los Angeles,https://www.ahd.com/free_profile/05128F/VA_Greater_Los_Angeles_Healthcare_System_-_West_Los_Angeles_Medical_Center/Los_Angeles/California/
449,VA Loma Linda Healthcare System,0,Loma Linda,https://www.ahd.com/free_profile/05127E/VA_Loma_Linda_Healthcare_System/Loma_Linda/California/
450,VA Long Beach Healthcare System ,0,Long Beach,https://www.ahd.com/free_profile/05027F/VA_Long_Beach_Healthcare_System_/Long_Beach/California/
451,VA Northern California Health Care System - Valley Division - Sacramento VA Medical Center,0,Mather,https://www.ahd.com/free_profile/05013F/VA_Northern_California_Health_Care_System_-_Valley_Division_-_Sacramento_VA_Medical_Center/Mather/California/
452,VA Palo Alto Health Care System - Palo Alto Division,0,Palo Alto,https://www.ahd.com/free_profile/05031F/VA_Palo_Alto_Health_Care_System_-_Palo_Alto_Division/Palo_Alto/California/
453,VA San Diego Healthcare System,0,San Diego,https://www.ahd.com/free_profile/05114F/VA_San_Diego_Healthcare_System/San_Diego/California/
454,Vacaville Medical Center,144,Vacaville,https://www.ahd.com/free_profile/050767/Vacaville_Medical_Center/Vacaville/California/
455,Vallejo Hospital & Medical Offices,248,Vallejo,https://www.ahd.com/free_profile/050073/Vallejo_Hospital_%26_Medical_Offices/Vallejo/California/
456,Valley Children's Healthcare,358,Madera,https://www.ahd.com/free_profile/053300/Valley_Children%27s_Healthcare/Madera/California/
457,Valley Presbyterian Hospital,350,Van Nuys,https://www.ahd.com/free_profile/050126/Valley_Presbyterian_Hospital/Van_Nuys/California/
458,Ventura County Medical Center,272,Ventura,https://www.ahd.com/free_profile/050159/Ventura_County_Medical_Center/Ventura/California/
459,Vibra Hospital of Northern California ,88,Redding,https://www.ahd.com/free_profile/052047/Vibra_Hospital_of_Northern_California_/Redding/California/
460,Vibra Hospital of Sacramento,58,Folsom,https://www.ahd.com/free_profile/052033/Vibra_Hospital_of_Sacramento/Folsom/California/
461,Vibra Rehabilitation Hospital of Rancho Mirage,50,Rancho Mirage,https://www.ahd.com/free_profile/053041/Vibra_Rehabilitation_Hospital_of_Rancho_Mirage/Rancho_Mirage/California/
462,Victor Valley Global Medical Center,101,Victorville,https://www.ahd.com/free_profile/050517/Victor_Valley_Global_Medical_Center/Victorville/California/
463,Visalia Ambulatory Surgical Center,0,Visalia,https://www.ahd.com/free_profile/050820/Visalia_Ambulatory_Surgical_Center/Visalia/California/
464,Vista Del Mar Hospital,87,Ventura,https://www.ahd.com/free_profile/054077/Vista_Del_Mar_Hospital/Ventura/California/
465,Walnut Creek Medical Center ,554,Walnut Creek,https://www.ahd.com/free_profile/050180/Walnut_Creek_Medical_Center_/Walnut_Creek/California/
466,Walnut Creek Medical Center,233,Walnut Creek,https://www.ahd.com/free_profile/050072/Walnut_Creek_Medical_Center/Walnut_Creek/California/
467,Washington Hospital,365,Fremont,https://www.ahd.com/free_profile/050195/Washington_Hospital/Fremont/California/
468,Watsonville Community Hospital,106,Watsonville,https://www.ahd.com/free_profile/050194/Watsonville_Community_Hospital/Watsonville/California/
469,Weed Army Community Hospital,0,Fort Irwin,https://www.ahd.com/free_profile/I41006/Weed_Army_Community_Hospital/Fort_Irwin/California/
470,West Anaheim Medical Center,219,Anaheim,https://www.ahd.com/free_profile/050426/West_Anaheim_Medical_Center/Anaheim/California/
471,West Covina Medical Center,46,West Covina,https://www.ahd.com/free_profile/050096/West_Covina_Medical_Center/West_Covina/California/
472,West Hills Hospital & Medical Center,237,West Hills,https://www.ahd.com/free_profile/050481/West_Hills_Hospital_%26_Medical_Center/West_Hills/California/
473,West Los Angeles Medical Center,265,Los Angeles,https://www.ahd.com/free_profile/050561/West_Los_Angeles_Medical_Center/Los_Angeles/California/
474,Whittier Hospital Medical Center,178,Whittier,https://www.ahd.com/free_profile/050735/Whittier_Hospital_Medical_Center/Whittier/California/
475,Willow Rock Center,0,San Leandro,https://www.ahd.com/free_profile/054149/Willow_Rock_Center/San_Leandro/California/
476,Woodland  Memorial Hospital,105,Woodland,https://www.ahd.com/free_profile/050127/Woodland__Memorial_Hospital/Woodland/California/
477,Zuckerberg San Francisco General Hospital and Trauma Center,386,San Francisco,https://www.ahd.com/free_profile/050228/Zuckerberg_San_Francisco_General_Hospital_and_Trauma_Center/San_Francisco/California/
