,HospitalName,HospitalPrice_70450,ZipCode,MedIncome,MeanIncome
0,USC Verdugo Hills Hospital,4409.0,91208,108374,150009
1,Kaiser Foundation Hospital - Santa Clara,2500.0,95051,134230,160714
2,Aurora Behavioral Healthcare - Santa Rosa,,95401,75290,100021
3,Childrens Hospital of Los Angeles,1590.0,90027,66947,103501
4,Childrens Hospital at Mission,4795.0,92691,117517,137319
5,Sierra Vista Regional Medical Center,5288.47,93405,45933,76178
6,Alameda Hospital,3482.817259,94501,94991,121429
7,Beverly Hospital,2984.25,90640,56009,73941
8,California Hospital Medical Center,4045.0,90015,43890,80234
9,Rideout Memorial Hospital,5058.0,95901,54851,66608
10,Northern Inyo Hospital,2280.0,93514,63849,77576
11,Aurora San Diego Hospital,,92128,103238,123553
12,Bakersfield Heart Hospital,2500.0,93308,43717,61150
13,Enloe Medical Center,4621.0,95926,49520,73632
14,Anaheim Global Medical Center,2003.07,92805,66253,80892
15,Kindred Hospital Paramount,4678.8,90723,55670,64698
16,Montclair Hospital Medical Center,5065.0,91763,62386,73967
17,Oroville Hospital,,95966,47252,60743
18,Contra Costa Regional Medical Center,,94553,103728,124919
19,Sharp Chula Vista Medical Center,2490.0,91911,61748,75194
20,BHC Heritage Oaks Hospital,,95841,50295,62571
21,Hoag Orthopedic Institute,2077.85,92618,107353,135579
22,Stanford University Hospital,4974.0,94305,60000,141148
23,Victor Valley Global Medical Center,2028.0,92395,50404,66830
24,Kaiser Foundation Hospital - San Jose,2500.0,95119,126860,150446
25,Healdsburg District Hospital,,95448,95114,139558
26,Community Hospital of San Bernardino,3142.0,92411,41984,55542
27,Adventist Health White Memorial,6758.0,90033,38266,50344
28,Eden Medical Center,3294.0,94546,97179,116521
29,Emanate Health Queen of the Valley Hospital,2248.03,91790,82128,98317
30,Sutter Davis Hospital,2674.0,95616,55510,92279
31,Sutter Roseville Medical Center,2674.0,95661,86823,113065
32,Kaiser Foundation Hospital - Fresno,2500.0,93720,89671,109456
33,Sharp Memorial Hospital,2490.0,92123,81899,102995
34,Valleycare Medical Center,2865.0,94588,153429,182833
35,Kaiser Foundation Hospital - Roseville,2500.0,95661,86823,113065
36,BHC Sierra Vista Hospital,,95823,47553,61970
37,Kindred Hospital - San Diego,3615.15,92104,67668,86445
38,Loma Linda University Medical Center - Murrieta,2808.0,92563,96929,112905
39,Garfield Medical Center,6821.0,91754,63909,87367
40,Good Samaritan Hospital - Los Angeles,4500.0,90017,35605,63540
41,Redwood Memorial Hospital,1646.0,95540,46219,62140
42,Arrowhead Regional Medical Center,1903.0,92324,54435,66926
43,John F Kennedy Memorial Hospital,6613.53,92201,45848,62150
44,Marian Medical Center,2426.0,93454,64575,78585
45,Sutter Tracy Community Memorial Hospital,2674.0,95376,82390,97309
46,Regional Medical Center of San Jose,,95116,65667,84741
47,Olympia Medical Center,1453.0,90036,80539,119531
48,Emanuel Medical Center,7773.09,95382,72206,92301
49,Kaiser Foundation Hospital - Baldwin Park,,91706,65755,77187
50,Heritage Oaks Hospital,,95841,50295,62571
51,East Los Angeles Doctors Hospital,4240.47,90023,42972,54607
52,Scripps Green Hospital,908.0,92037,109194,191008
53,Kaiser Foundation Rehab Hospital - Vallejo,2500.0,94589,68494,82146
54,Adventist Health Tulare,2581.56,93274,53185,69688
55,Kindred Hospital - Baldwin Park,2776.2,91706,65755,77187
56,Mission Regional Medical Center,3140.0,92691,117517,137319
57,Henry Mayo Newhall Memorial Hospital,4848.43,91355,95696,114928
58,Placentia-Linda Community Hospital,6920.61,92870,94908,113231
59,Mercy Medical Center - Merced,5774.0,95340,55470,81933
60,Kaiser Foundation Hospital - Antioch,2500.0,94531,104646,114715
61,Sutter Auburn Faith Hospital,2674.0,95602,82397,97720
62,Ojai Valley Community Hospital,657.0,93023,77530,110552
63,Sutter Surgical Hospital - North Valley,,95991,50682,66763
64,St Bernardine Medical Center,3142.0,92404,46770,59536
65,Sierra Nevada Memorial Hospital,3898.0,95945,48648,71594
66,Mercy General Hospital,4604.0,95819,106514,130263
67,Sierra Vista Hospital,,95823,47553,61970
68,Bakersfield Behavioral Healthcare Hospital,,93309,50839,67221
69,Alta Bates-Summit Med Ctr-Summit Campus,3294.0,94609,86750,116170
70,John C Fremont Healthcare District,1430.0,95338,52699,65449
71,Ventura County Medical Center,2343.0,93003,78899,100468
72,Hemet Valley Medical Center,2045.75,92543,33319,45497
73,Santa Clara Valley Medical Center,695.0,95128,93455,127726
74,Southwest Healthcare System - Murrieta,3923.0,92595,78057,94337
75,Eastern Plumas Dsitrict Hospital,1453.0,96122,55435,70029
76,Santa Ynez Valley Cottage Hospital,1873.84,93463,97347,135730
77,Doctors Hospital - Manteca,7609.09,95336,64164,81347
78,Vibra Rehabilitation Hospital of Rancho Mirage,,92270,78682,128711
79,Goleta Valley Cottage Hospital,1873.84,93111,109561,140856
80,Kern Medical Center,1694.95,93306,55133,75527
81,Hollywood Presbyterian Medical Center,3712.0,90027,66947,103501
82,St Francis Memorial Hospital - S.F,4400.0,94109,94278,144062
83,Community Memorial Hospital San Buenaventura,657.0,93003,78899,100468
84,San Joaquin Valley Rehab Center,,93720,89671,109456
85,Eisenhower Medical Center,3640.0,92270,78682,128711
86,French Hospital - San Luis Obispo,395.0,93401,72107,102227
87,Kaiser Foundation Northern Region,2500.0,94612,55291,92693
88,Mercy San Juan Hospital,4604.0,95608,64059,94146
89,Marin General Hospital,6500.0,94904,139500,242075
90,California Pacific Medical Center - Pacific Campus,3294.0,94114,162193,218929
91,Kaiser Foundation Hospital - San Diego,,92123,81899,102995
92,Sutter Maternity & Surgery Center,,95065,104464,139757
93,Mayers Memorial Hospital,1784.0,96028,42051,79207
94,Sonoma Valley Hospital,5486.0,95476,82036,118764
95,Marina Del Rey Hospital,3834.24,90292,114726,156006
96,College Medical Center,3000.0,90806,54437,68969
97,Southern California Hospital at Hollywood,,90028,45499,67298
98,Sharp Grossmont Hospital,,91942,64090,79657
99,La Palma Intercommunity Hospital,1689.0,90623,107480,127482
100,Sutter Solano Medical Center,3294.0,94589,68494,82146
101,North Bay Medical Center,3871.5,94533,73042,90370
102,Kaiser Foundation Hospital - San Francisco,2500.0,94115,123037,174293
103,California Pacific Medical Center - St Lukes Campus,3294.0,94110,134592,175979
104,Desert Regional Medical Center,5305.69,92262,52092,86724
105,Kindred Hospital - Los Angeles,3724.35,90056,92656,125019
106,St Johns Regional Medical Center - Oxnard,3039.0,93030,73093,86950
107,Presbyterian Intercommunity Hospital,5697.0,90602,55216,76053
108,Methodist Hospital - Sacramento,4604.0,95823,47553,61970
109,Kaiser Foundation Hospital - Oakland-Richmond,2500.0,94611,129576,181251
110,Aurora Las Encinas Hospital,,91107,102850,138128
111,Glendora Commuity Hospital,2047.2,91740,85590,102709
112,Sierra View Medical Center,,93257,43893,62194
113,Sharp Mesa Vista Hospital,,92123,81899,102995
114,Earl & Lorraine Miller Childrens Hospital,3491.0,90806,54437,68969
115,Loma Linda University Behavioral Medical Center,5000.0,92373,78484,110297
116,Hoag Memorial Hospital,1979.0,92658,,
117,Mercy Hospital - Folsom,4604.0,95630,114405,132609
118,Barstow Community Hospital,7163.0,92311,43395,57229
119,Providence St Joseph Medical Center,743.0,91505,87138,112348
120,Lucile Salter Packard Childrens Hospital,5120.0,94304,130227,210839
121,Sutter Santa Rosa Memorial Hospital,3294.0,95403,75954,95621
122,Twin Cities Community Hospital,5838.66,93465,92051,110650
123,Kaiser Foundation Hospital - Fontana-Ontario,,92335,53099,62329
124,Mammoth Hospital,2229.0,93546,62747,87203
125,Childrens Hospital of Orange County,3143.773253,92868,64949,84083
126,Pomona Valley Hospital Medical Center,6984.0,91767,62153,76865
127,Madera Community Hospital,1173.0,93637,56462,72298
128,Emanate Health Foothill Presbyterian Hospital,2248.03,91741,110430,141379
129,West Anaheim Medical Center,1689.0,92804,65786,83809
130,Huntington Memorial Community Hospital,3808.41,91105,131158,175410
131,AHMC Anaheim Regional Medical Center,3627.0,92801,63046,78261
132,Methodist Hospital - Southern California,4014.0,91007,83964,113517
133,Orange County Global Medical Center,2405.65,92705,108786,150753
134,St Rose Hospital,3800.0,94545,91310,112745
135,Memorial Hospital - Gardena,,90247,55561,71599
136,Orange Coast Memorial Medical Center,3491.0,92708,92301,117720
137,San Dimas Community Hospital,5065.0,91773,86201,104790
138,St Joseph Hospital - Eureka,1653.0,95501,44952,68346
139,Radys Childrens Hospital of San Diego,2900.0,92024,116616,166542
140,Queen of the Valley - Napa,1602.0,94558,93052,123939
141,Hazel Hawkins Memorial Hospital,3961.5,95023,86337,104843
142,Chapman Global Medical Center,2403.69,92869,111835,138523
143,Kaiser Foundation Hospital - Santa Rosa,2500.0,95403,75954,95621
144,Sutter Medical Center - Sacramento,2674.0,95816,72270,94952
145,Huntington Beach Hospital,1689.0,92647,87237,107414
146,Santa Monica Hospital - UCLA,2500.0,90404,78542,115409
147,St Jude Medical Center,2433.0,92835,113345,148589
148,Mercy Medical Center - Redding,4071.0,96001,55821,78446
149,Encino Hospital Medical Center,2817.9,91436,174085,244065
150,Sharp Coronado Hospital,2490.0,92118,108967,157746
151,Adventist Health Glendale,5195.0,91206,70141,95022
152,Kaiser Foundation Hospital - South Sacramento,2500.0,95823,47553,61970
153,Aurora Charter Oak Hospital,,91724,82976,103268
154,Monterey Park Hospital,5881.0,91754,63909,87367
155,Mercy Hospital - Mt Shasta,1290.0,96067,47150,72520
156,PIH Hospital - Downey,4575.0,90241,72715,87522
157,Riverside University Health System Medical Center,4029.0,92555,87338,99417
158,Sutter Delta Medical Center,3294.0,94509,64502,79319
159,Foothill Regional Medical Center,3782.0,92780,75378,97175
160,Kaiser Foundation Hospital - Redwood City,,94063,77166,114736
161,San Joaquin General Hospital,4608.0,95231,41935,60726
162,Sutter Center for Psychiatry,2674.0,95826,64241,78234
163,Keck Hospital of USC,3928.3,90033,38266,50344
164,Zuckerberg San Francisco General Hospital & Trauma Center,2979.0,94110,134592,175979
165,Valley Presbyterian Hospital,2136.5,91405,47037,65549
166,Shriners Childrens Hospital - Northern California,,95817,50925,64130
167,Los Alamitos Medical Center,4510.35,90720,106332,136620
168,St Francis Medical Center - Lynwood,4109.0,90262,52313,66975
169,Modoc Medical Center,,96101,44500,51076
170,Salinas Valley Memorial Hospital,4502.2,93901,64678,81944
171,Santa Barbara Cottage Hospital,1873.84,93105,94556,131497
172,Memorial Hospital - Los Banos,2674.0,93635,62526,79412
173,Palmdale Regional Medical Center,4226.0,93551,93055,110689
174,Kaiser Foundation Hospital - San Leandro,2500.0,94577,78444,102598
175,John Muir Behavioral Health,,94520,60652,77753
176,Washington Hospital - Fremont,2142.52,94538,112473,133080
177,Sherman Oaks Hospital,1572.0,91403,104802,152702
178,Glendale Memorial Hospital,,91204,49122,69009
179,Mark Twain Medical Center,,95249,39052,62003
180,UCSD Medical Center,2478.0,92037,109194,191008
181,Good Samaritan Hospital - San Jose,11063.0,95124,155550,184769
182,Kaiser Foundation Hospital - West L.A,,90034,75714,98799
183,San Gabriel Valley Medical Center,3520.0,91776,58658,76063
184,Pacifica Hospital of the Valley,915.0,91352,57145,75344
185,St Vincent Medical Center,3877.0,90057,37700,48449
186,Sutter Coast Hospital,2674.0,95531,44894,62844
187,Kaiser Foundation Hospital - Moreno Valley,,92555,87338,99417
188,College Hospital - Costa Mesa,,92627,79790,105353
189,Palomar Health Downtown Campus,,92025,58273,83601
190,Laguna Honda Hospital,,94116,116089,163000
191,Greater El Monte Community Hospital,3057.0,91733,50691,63393
192,Chino Valley Medical Center,2947.0,91710,81892,98145
193,San Antonio Regional Hospital,5781.0,91786,61898,74702
194,Adventist Health Sonora - Greenley,4039.0,95370,57513,81646
195,Kaiser Foundation Hospital - Anaheim,,92806,68973,86479
196,Sequoia Hospital,4013.0,94062,178480,261807
197,Hi Desert Medical Center,4388.77,92252,38333,54890
198,Valley Childrens Hospital,,93636,83977,101693
199,Ronald Reagan UCLA Medical Center,2500.0,90095,-,-
200,Paradise Valley Hospital,2163.0,91950,46708,63557
201,Whittier Hospital Medical Center,5420.0,90605,78297,96664
202,Banner Lassen Medical Center,1224.0,96130,56949,72415
203,Monrovia Memorial Hospital,,91016,77622,99260
204,Torrance Memorial Medical Center,3816.0,90505,99764,126777
205,Barton Memorial Hospital,4014.59,96150,57396,82312
206,Northridge Hospital Medical Center,6838.0,91325,71400,99168
207,St Agnes Medical Center,1426.0,93720,89671,109456
208,Kaweah Delta District Hospital,1739.67,93291,61599,85165
209,Community & Mission Hospital at Huntington Park,4240.47,90255,44962,58611
210,Kaiser Foundation Hospital - Los Angeles,,90027,66947,103501
211,Jerold Phelps Community Hospital,810.0,95542,30505,62751
212,Dameron Hospital,23.0,95203,44922,59761
213,St Mary Medical Center - Apple Valley,3342.0,92307,60732,82610
214,St Joseph Hospital - Orange,3516.5,92868,64949,84083
215,Tahoe Forest Hospital,1691.0,96161,98924,139731
216,Woodland Memorial Hospital,4604.0,95695,64390,90858
217,Aurora Vista del Mar Hospital,,93001,68356,88438
218,Kindred Hospital - Rancho,1950.0,91730,72995,84439
219,South Coast Global Medical Center,801.24,92704,69272,86316
220,Alvarado Hospital,2999.9,92120,97747,124451
221,Parkview Community Hospital,3423.314819,92503,71542,86712
222,Antelope Valley Hospital,610.0,93534,41537,51358
223,Loma Linda University Childrens Hospital,5000.0,92354,57855,77409
224,Cedars-Sinai Medical Center,,90048,100586,148754
225,Fresno Surgical Hospital,,93710,51605,64675
226,Kaiser Foundation Hospital - Fremont,2500.0,94538,112473,133080
227,Loma Linda University Medical Center,5000.0,92354,57855,77409
228,Memorial Hospital - Modesto,2674.0,95355,66719,86686
229,Adventist Health Lodi Memorial,1106.0,95240,50992,70505
230,George L Mee Memorial Hospital,4652.0,93930,54605,69465
231,El Centro Regional Medical Center,3116.0,92243,48290,67739
232,Alta Bates-Summit Med Ctr-Alta Bates Campus,3294.0,94705,125104,197179
233,Riverside Community Hospital,8776.25,92501,61630,75868
234,Fairchild Medical Center,1697.85,96097,44782,60172
235,Patients Hospital of Redding,,96001,55821,78446
236,Kaiser Foundation Hospital - Woodland Hills,,91367,96085,128000
237,Mission Community Hospital - Panorama,3932.0,91402,45796,61057
238,Barlow Respiratory Hospital,,90026,65269,91250
239,Unversity of California Irvine Medical Center,,92668,,
240,Providence Tarzana Medical Center,825.0,91356,76929,130602
241,Sutter Lakeside Hospital,3294.0,95453,49690,75682
242,Sutter Amador Hospital,2674.0,95642,62083,77627
243,Providence Holy Cross Medical Center,908.0,91345,77273,89107
244,Scripps Mercy Hospital,908.0,92103,78720,111680
245,OConnor Hospital,696.0,95128,93455,127726
246,St Marys Medical Center - San Francisco,3268.0,94117,170211,210952
247,Corona Regional Medical Center,4913.0,92882,80424,97751
248,Chinese Hospital,1968.0,94133,69756,128389
249,Kaiser Foundation Hospital - Downey,,90242,71233,85792
250,Lakewood Regional Medical Center,5806.8,90712,96634,108424
251,Scripps Memorial Hospital - Encinitas,908.0,92024,116616,166542
252,Adventist Health Reedley,2684.82,93654,50903,66299
253,Desert Valley Hospital,2947.0,92395,50404,66830
254,Providence Little Co. of Mary Med Ctr - San Pedro,3140.0,90732,104567,120512
255,Kaiser Foundation Hospital - Walnut Creek,2500.0,94596,109167,150289
256,Menlo Park Surgical Hospital,,94025,161827,240726
257,John Muir Medical Center - Concord Campus,1292.25,94520,60652,77753
258,Resnick Neuropsychiatric Hosp at UCLA,2500.0,90095,-,-
259,Coast Plaza Doctors Hospital,4240.47,90650,70667,83461
260,St Elizabeth Community Hospital,3291.0,96080,41316,62169
261,Redlands Community Hospital,5874.0,92373,78484,110297
262,City of Hope Helford Clinical Research Hospital,2791.0,91010,74738,96679
263,Del Amo Hospital,,90505,99764,126777
264,Mills-Peninsula Medical Center,3294.0,94010,152388,241645
265,Novato Community Hospital,3294.0,94945,120020,143816
266,Kaiser Foundation Hospital - South San Francisco,2500.0,94080,105600,129525
267,Kaiser Foundation Hospital - South Bay,,90710,63907,84138
268,St Mary Medical Center - Long Beach,2457.0,90804,52948,70607
269,Stanislaus Surgical Center,,95355,66719,86686
270,Casa Colina Hospital and Centers for Health Care,560.0,91767,62153,76865
271,Community Hospital of the Monterey Peninsula,2032.0,93940,85503,119664
272,Mercy Hospital - Bakersfield,,93301,33324,57233
273,Adventist Health Hanford,2684.82,93230,62239,79490
274,Saddleback Memorial Medical Center,3491.0,92653,101735,148950
275,St Joseph Medical Center - Stockton,6025.0,95204,53077,73276
276,Natividad Medical Center,3911.0,93901,64678,81944
277,Marshall Medical Center,,95667,71705,89529
278,Seton Medical Center,,94015,95541,118781
279,Shasta Regional Medical Center,,96001,55821,78446
280,San Ramon Regional Medical Center,7132.33,94583,152656,177617
281,Scripps Memorial Hospital - La Jolla,908.0,92037,109194,191008
282,Adventist Health Simi Valley,4231.74,93065,101102,127856
283,Long Beach Memorial Medical Center,3491.0,90807,78948,105802
284,San Leandro Hospital,3275.342153,94578,66450,85063
285,El Camino Hospital,4548.89,94040,139278,195189
286,Martin Luther King Jr Community Hospital,,90059,44838,56541
287,Seneca Healthcare District,2847.0,96020,61250,81117
288,Fountain Valley Regional Hospital,6875.33,92708,92301,117720
289,Providence Little Co. of Mary Med Ctr - Torrance,3140.0,90503,93063,117167
290,Highland Hospital,3252.665974,94602,95479,133103
291,Kern Valley Hospital,2399.28,93240,38951,52358
292,Providence St Johns Health Center,3007.0,90404,78542,115409
293,John Muir Medical Center - Walnut Creek Campus,1292.25,94598,154125,190564
294,Santa Rosa Memorial Hospital,1294.0,95405,89876,109470
295,Petaluma Valley Hospital,1282.0,94954,93849,115304
296,Kaiser Foundation Hospital - Vacaville,2500.0,95688,94863,115223
297,Menifee Valley Medical Center,2045.75,92585,73682,92969
298,Delano Regional Medical Center,1275.5,93215,43520,59382
299,St Johns Pleasant Valley Hospital,3039.0,93010,93534,121128
300,Los Robles Medical Center,,91360,100246,124232
301,Kaiser Foundation Hospital - Sacramento,2500.0,95825,40515,56125
302,Kaiser Foundation Hospital - San Rafael,2500.0,94903,105783,143879
303,Los Angeles Community Hospital,,90023,42972,54607
304,Kaiser Foundation Hospital - Panorama City,,91402,45796,61057
305,Childrens Hospital & Research Center at Oakland,4004.0,94618,167606,221546
306,Bakersfield Memorial Hospital,,93301,33324,57233
307,Kindred Hospital - Brea,1748.84,92821,91531,112103
308,Kindred Hospital - Westminster,,92683,62617,89346
309,Temecula Valley Hospital,3863.0,92592,105279,128328
310,Tri-City Medical Center,3018.0,92056,81583,98478
311,Kaiser Foundation Hospital - Riverside,,92505,70854,83366
312,USC-Kenneth Norris Cancer Hospital,1852.97,90033,38266,50344
313,UCSF Medical Center,2917.0,94143,,
314,Kaiser Foundation Hospital - Manteca-Modesto,2500.0,95356,70699,98106
315,Doctors Medical Center - Modesto,9324.93,95350,53604,70539
316,Ballard Rehabilitation Hospital,1952.75,92411,41984,55542
317,St Louise Regional Hospital,696.0,95020,102741,126454
