,HospitalName,HospitalPrice_70450,ZipCode
25,USC Verdugo Hills Hospital,4409,91208
26,Kaiser Foundation Hospital - Santa Clara,2500,95051
26,Aurora Behavioral Healthcare - Santa Rosa,,95401
13747,Childrens Hospital of Los Angeles,1590,90027
26,Childrens Hospital at Mission,4795,92691
26,Sierra Vista Regional Medical Center,5288.47,93405
25,Alameda Hospital,3482.817259,94501
26,Beverly Hospital,2984.25,90640
26,California Hospital Medical Center,4045,90015
23,Rideout Memorial Hospital,5058,95901
26,Northern Inyo Hospital,2280,93514
26,Aurora San Diego Hospital,,92128
26,Bakersfield Heart Hospital,2500,93308
22,Enloe Medical Center,4621,95926
26,Anaheim Global Medical Center,2003.07,92805
1932,Kindred Hospital Paramount,4678.8,90723
25,Montclair Hospital Medical Center,5065,91763
14819,Oroville Hospital,,95966
9717,Contra Costa Regional Medical Center,,94553
26,Sharp Chula Vista Medical Center,2490,91911
25,BHC Heritage Oaks Hospital,,95841
7452,Hoag Orthopedic Institute,2077.85,92618
20,Stanford University Hospital,4974,94305
26,Victor Valley Global Medical Center,2028,92395
26,Kaiser Foundation Hospital - San Jose,2500,95119
5390,Healdsburg District Hospital,,95448
26,Community Hospital of San Bernardino,3142,92411
15,Adventist Health White Memorial,6758,90033
19,Eden Medical Center,3294,94546
21,Emanate Health Queen of the Valley Hospital,2248.03,91790
19,Sutter Davis Hospital,2674,95616
19,Sutter Roseville Medical Center,2674,95661
26,Kaiser Foundation Hospital - Fresno,2500,93720
26,Sharp Memorial Hospital,2490,92123
23,Valleycare Medical Center,2865,94588
26,Kaiser Foundation Hospital - Roseville,2500,95661
25,BHC Sierra Vista Hospital,,95823
17520,Kindred Hospital - San Diego,3615.15,92104
26,Loma Linda University Medical Center - Murrieta,2808,92563
25,Garfield Medical Center,6821,91754
26,Good Samaritan Hospital - Los Angeles,4500,90017
25,Redwood Memorial Hospital,1646,95540
26,Arrowhead Regional Medical Center,1903,92324
26,John F Kennedy Memorial Hospital,6613.53,92201
26,Marian Medical Center,2426,93454
19,Sutter Tracy Community Memorial Hospital,2674,95376
26,Regional Medical Center of San Jose,,95116
4227,Olympia Medical Center,1453,90036
25,Emanuel Medical Center,7773.09,95382
25,Kaiser Foundation Hospital - Baldwin Park,,91706
25,Heritage Oaks Hospital,,95841
26,East Los Angeles Doctors Hospital,4240.47,90023
26,Scripps Green Hospital,908,92037
26,Kaiser Foundation Rehab Hospital - Vallejo,2500,94589
21,Adventist Health Tulare,2581.56,93274
26,Kindred Hospital - Baldwin Park,2776.2,91706
25,Mission Regional Medical Center,3140,92691
25,Henry Mayo Newhall Memorial Hospital,4848.43,91355
26,Placentia-Linda Community Hospital,6920.61,92870
26,Mercy Medical Center - Merced,5774,95340
26,Kaiser Foundation Hospital - Antioch,2500,94531
19,Sutter Auburn Faith Hospital,2674,95602
25,Ojai Valley Community Hospital,657,93023
19,Sutter Surgical Hospital - North Valley,,95991
26,St Bernardine Medical Center,3142,92404
26,Sierra Nevada Memorial Hospital,3898,95945
26,Mercy General Hospital,4604,95819
25,Sierra Vista Hospital,,95823
26,Bakersfield Behavioral Healthcare Hospital,,93309
19,Alta Bates-Summit Med Ctr-Summit Campus,3294,94609
26,John C Fremont Healthcare District,1430,95338
26,Ventura County Medical Center,2343,93003
26,Hemet Valley Medical Center,2045.75,92543
26,Santa Clara Valley Medical Center,695,95128
26,Southwest Healthcare System - Murrieta,3923,92595
26,Eastern Plumas Dsitrict Hospital,1453,96122
26,Santa Ynez Valley Cottage Hospital,1873.84,93463
26,Doctors Hospital - Manteca,7609.09,95336
26,Vibra Rehabilitation Hospital of Rancho Mirage,,92270
26,Goleta Valley Cottage Hospital,1873.84,93111
22,Kern Medical Center,1694.95,93306
1104,Hollywood Presbyterian Medical Center,3712,90027
26,St Francis Memorial Hospital - S.F,4400,94109
25,Community Memorial Hospital San Buenaventura,657,93003
26,San Joaquin Valley Rehab Center,,93720
25,Eisenhower Medical Center,3640,92270
26,French Hospital - San Luis Obispo,395,93401
26,Kaiser Foundation Northern Region,2500,94612
26,Mercy San Juan Hospital,4604,95608
26,Marin General Hospital,6500,94904
19,California Pacific Medical Center - Pacific Campus,3294,94114
25,Kaiser Foundation Hospital - San Diego,,92123
20,Sutter Maternity & Surgery Center,,95065
26,Mayers Memorial Hospital,1784,96028
26,Sonoma Valley Hospital,5486,95476
25,Marina Del Rey Hospital,3834.24,90292
26,College Medical Center,3000,90806
1100,Southern California Hospital at Hollywood,,90028
1367,Sharp Grossmont Hospital,,91942
25,La Palma Intercommunity Hospital,1689,90623
19,Sutter Solano Medical Center,3294,94589
26,North Bay Medical Center,3871.5,94533
26,Kaiser Foundation Hospital - San Francisco,2500,94115
19,California Pacific Medical Center - St Lukes Campus,3294,94110
26,Desert Regional Medical Center,5305.69,92262
8052,Kindred Hospital - Los Angeles,3724.35,90056
26,St Johns Regional Medical Center - Oxnard,3039,93030
25,Presbyterian Intercommunity Hospital,5697,90602
26,Methodist Hospital - Sacramento,4604,95823
26,Kaiser Foundation Hospital - Oakland-Richmond,2500,94611
26,Aurora Las Encinas Hospital,,91107
25,Glendora Commuity Hospital,2047.2,91740
25,Sierra View Medical Center,,93257
26,Sharp Mesa Vista Hospital,,92123
26,Earl & Lorraine Miller Childrens Hospital,3491,90806
26,Loma Linda University Behavioral Medical Center,5000,92373
19877,Hoag Memorial Hospital,1979,92658
26,Mercy Hospital - Folsom,4604,95630
26,Barstow Community Hospital,7163,92311
26,Providence St Joseph Medical Center,743,91505
11,Lucile Salter Packard Childrens Hospital,5120,94304
19,Sutter Santa Rosa Memorial Hospital,3294,95403
26,Twin Cities Community Hospital,5838.66,93465
25,Kaiser Foundation Hospital - Fontana-Ontario,,92335
26,Mammoth Hospital,2229,93546
26,Childrens Hospital of Orange County,3143.773253,92868
26,Pomona Valley Hospital Medical Center,6984,91767
25,Madera Community Hospital,1173,93637
21,Emanate Health Foothill Presbyterian Hospital,2248.03,91741
25,West Anaheim Medical Center,1689,92804
24,Huntington Memorial Community Hospital,3808.41,91105
25,AHMC Anaheim Regional Medical Center,3627,92801
26,Methodist Hospital - Southern California,4014,91007
26,Orange County Global Medical Center,2405.65,92705
26,St Rose Hospital,3800,94545
1839,Memorial Hospital - Gardena,,90247
25,Orange Coast Memorial Medical Center,3491,92708
24,San Dimas Community Hospital,5065,91773
25,St Joseph Hospital - Eureka,1653,95501
25,Radys Childrens Hospital of San Diego,2900,92024
25,Queen of the Valley - Napa,1602,94558
25,Hazel Hawkins Memorial Hospital,3961.5,95023
26,Chapman Global Medical Center,2403.69,92869
26,Kaiser Foundation Hospital - Santa Rosa,2500,95403
19,Sutter Medical Center - Sacramento,2674,95816
25,Huntington Beach Hospital,1689,92647
25,Santa Monica Hospital - UCLA,2500,90404
25,St Jude Medical Center,2433,92835
26,Mercy Medical Center - Redding,4071,96001
25,Encino Hospital Medical Center,2817.9,91436
26,Sharp Coronado Hospital,2490,92118
24,Adventist Health Glendale,5195,91206
26,Kaiser Foundation Hospital - South Sacramento,2500,95823
26,Aurora Charter Oak Hospital,,91724
25,Monterey Park Hospital,5881,91754
26,Mercy Hospital - Mt Shasta,1290,96067
25,PIH Hospital - Downey,4575,90241
26,Riverside University Health System Medical Center,4029,92555
19,Sutter Delta Medical Center,3294,94509
27,Foothill Regional Medical Center,3782,92780
995,Kaiser Foundation Hospital - Redwood City,,94063
26,San Joaquin General Hospital,4608,95231
26,Sutter Center for Psychiatry,2674,95826
25,Keck Hospital of USC,3928.3,90033
26,Zuckerberg San Francisco General Hospital & Trauma Center,2979,94110
21,Valley Presbyterian Hospital,2136.5,91405
7003,Shriners Childrens Hospital - Northern California,,95817
26,Los Alamitos Medical Center,4510.35,90720
26,St Francis Medical Center - Lynwood,4109,90262
672,Modoc Medical Center,,96101
26,Salinas Valley Memorial Hospital,4502.2,93901
26,Santa Barbara Cottage Hospital,1873.84,93105
19,Memorial Hospital - Los Banos,2674,93635
26,Palmdale Regional Medical Center,4226,93551
26,Kaiser Foundation Hospital - San Leandro,2500,94577
26,John Muir Behavioral Health,,94520
26,Washington Hospital - Fremont,2142.52,94538
25,Sherman Oaks Hospital,1572,91403
5659,Glendale Memorial Hospital,,91204
26,Mark Twain Medical Center,,95249
26,UCSD Medical Center,2478,92037
26,Good Samaritan Hospital - San Jose,11063,95124
25,Kaiser Foundation Hospital - West L.A,,90034
25,San Gabriel Valley Medical Center,3520,91776
26,Pacifica Hospital of the Valley,915,91352
26,St Vincent Medical Center,3877,90057
19,Sutter Coast Hospital,2674,95531
25,Kaiser Foundation Hospital - Moreno Valley,,92555
1371,College Hospital - Costa Mesa,,92627
26,Palomar Health Downtown Campus,,92025
30,Laguna Honda Hospital,,94116
25,Greater El Monte Community Hospital,3057,91733
23,Chino Valley Medical Center,2947,91710
26,San Antonio Regional Hospital,5781,91786
22,Adventist Health Sonora - Greenley,4039,95370
25,Kaiser Foundation Hospital - Anaheim,,92806
26,Sequoia Hospital,4013,94062
26,Hi Desert Medical Center,4388.77,92252
26,Valley Childrens Hospital,,93636
25,Ronald Reagan UCLA Medical Center,2500,90095
19,Paradise Valley Hospital,2163,91950
25,Whittier Hospital Medical Center,5420,90605
26,Banner Lassen Medical Center,1224,96130
26,Monrovia Memorial Hospital,,91016
25,Torrance Memorial Medical Center,3816,90505
744,Barton Memorial Hospital,4014.59,96150
26,Northridge Hospital Medical Center,6838,91325
26,St Agnes Medical Center,1426,93720
26,Kaweah Delta District Hospital,1739.67,93291
26,Community & Mission Hospital at Huntington Park,4240.47,90255
25,Kaiser Foundation Hospital - Los Angeles,,90027
150,Jerold Phelps Community Hospital,810,95542
542,Dameron Hospital,23,95203
25,St Mary Medical Center - Apple Valley,3342,92307
25,St Joseph Hospital - Orange,3516.5,92868
26,Tahoe Forest Hospital,1691,96161
26,Woodland Memorial Hospital,4604,95695
26,Aurora Vista del Mar Hospital,,93001
8337,Kindred Hospital - Rancho,1950,91730
26,South Coast Global Medical Center,801.24,92704
25,Alvarado Hospital,2999.9,92120
26,Parkview Community Hospital,3423.314819,92503
26,Antelope Valley Hospital,610,93534
26,Loma Linda University Childrens Hospital,5000,92354
5304,Cedars-Sinai Medical Center,,90048
25,Fresno Surgical Hospital,,93710
26,Kaiser Foundation Hospital - Fremont,2500,94538
26,Loma Linda University Medical Center,5000,92354
19,Memorial Hospital - Modesto,2674,95355
24,Adventist Health Lodi Memorial,1106,95240
26,George L Mee Memorial Hospital,4652,93930
26,El Centro Regional Medical Center,3116,92243
32,Alta Bates-Summit Med Ctr-Alta Bates Campus,3294,94705
11530,Riverside Community Hospital,8776.25,92501
26,Fairchild Medical Center,1697.85,96097
26,Patients Hospital of Redding,,96001
25,Kaiser Foundation Hospital - Woodland Hills,,91367
26,Mission Community Hospital - Panorama,3932,91402
26,Barlow Respiratory Hospital,,90026
768,Unversity of California Irvine Medical Center,,92668
26,Providence Tarzana Medical Center,825,91356
19,Sutter Lakeside Hospital,3294,95453
19,Sutter Amador Hospital,2674,95642
26,Providence Holy Cross Medical Center,908,91345
26,Scripps Mercy Hospital,908,92103
26,OConnor Hospital,696,95128
26,St Marys Medical Center - San Francisco,3268,94117
26,Corona Regional Medical Center,4913,92882
26,Chinese Hospital,1968,94133
25,Kaiser Foundation Hospital - Downey,,90242
26,Lakewood Regional Medical Center,5806.8,90712
26,Scripps Memorial Hospital - Encinitas,908,92024
22,Adventist Health Reedley,2684.82,93654
22,Desert Valley Hospital,2947,92395
26,Providence Little Co. of Mary Med Ctr - San Pedro,3140,90732
26,Kaiser Foundation Hospital - Walnut Creek,2500,94596
26,Menlo Park Surgical Hospital,,94025
26,John Muir Medical Center - Concord Campus,1292.25,94520
25,Resnick Neuropsychiatric Hosp at UCLA,2500,90095
26,Coast Plaza Doctors Hospital,4240.47,90650
26,St Elizabeth Community Hospital,3291,96080
26,Redlands Community Hospital,5874,92373
7945,City of Hope Helford Clinical Research Hospital,2791,91010
26,Del Amo Hospital,,90505
21,Mills-Peninsula Medical Center,3294,94010
19,Novato Community Hospital,3294,94945
26,Kaiser Foundation Hospital - South San Francisco,2500,94080
25,Kaiser Foundation Hospital - South Bay,,90710
26,St Mary Medical Center - Long Beach,2457,90804
19,Stanislaus Surgical Center,,95355
9420,Casa Colina Hospital and Centers for Health Care,560,91767
6132,Community Hospital of the Monterey Peninsula,2032,93940
9429,Mercy Hospital - Bakersfield,,93301
19,Adventist Health Hanford,2684.82,93230
25,Saddleback Memorial Medical Center,3491,92653
26,St Joseph Medical Center - Stockton,6025,95204
26,Natividad Medical Center,3911,93901
1405,Marshall Medical Center,,95667
2987,Seton Medical Center,,94015
25,Shasta Regional Medical Center,,96001
26,San Ramon Regional Medical Center,7132.33,94583
26,Scripps Memorial Hospital - La Jolla,908,92037
23,Adventist Health Simi Valley,4231.74,93065
25,Long Beach Memorial Medical Center,3491,90807
25,San Leandro Hospital,3275.342153,94578
26,El Camino Hospital,4548.89,94040
6724,Martin Luther King Jr Community Hospital,,90059
26,Seneca Healthcare District,2847,96020
26,Fountain Valley Regional Hospital,6875.33,92708
26,Providence Little Co. of Mary Med Ctr - Torrance,3140,90503
25,Highland Hospital,3252.665974,94602
26,Kern Valley Hospital,2399.28,93240
26,Providence St Johns Health Center,3007,90404
26,John Muir Medical Center - Walnut Creek Campus,1292.25,94598
25,Santa Rosa Memorial Hospital,1294,95405
25,Petaluma Valley Hospital,1282,94954
26,Kaiser Foundation Hospital - Vacaville,2500,95688
26,Menifee Valley Medical Center,2045.75,92585
26,Delano Regional Medical Center,1275.5,93215
26,St Johns Pleasant Valley Hospital,3039,93010
32186,Los Robles Medical Center,,91360
26,Kaiser Foundation Hospital - Sacramento,2500,95825
26,Kaiser Foundation Hospital - San Rafael,2500,94903
1009,Los Angeles Community Hospital,,90023
981,Kaiser Foundation Hospital - Panorama City,,91402
26,Childrens Hospital & Research Center at Oakland,4004,94618
11889,Bakersfield Memorial Hospital,,93301
16822,Kindred Hospital - Brea,1748.84,92821
22684,Kindred Hospital - Westminster,,92683
26,Temecula Valley Hospital,3863,92592
30,Tri-City Medical Center,3018,92056
25,Kaiser Foundation Hospital - Riverside,,92505
25,USC-Kenneth Norris Cancer Hospital,1852.97,90033
26,UCSF Medical Center,2917,94143
26,Kaiser Foundation Hospital - Manteca-Modesto,2500,95356
26,Doctors Medical Center - Modesto,9324.93,95350
26,Ballard Rehabilitation Hospital,1952.75,92411
26,St Louise Regional Hospital,696,95020