,HospitalDirectory,HospitalPrice
25,/Users/ryanripper/Downloads/2019/USC Verdugo Hills Hospital,4409
26,/Users/ryanripper/Downloads/2019/Kaiser Foundation Hospital - Santa Clara,2500
26,/Users/ryanripper/Downloads/2019/Kaiser Foundation Hospital - Santa Clara,2500
26,/Users/ryanripper/Downloads/2019/Kaiser Foundation Hospital - Santa Clara,2500
26,/Users/ryanripper/Downloads/2019/Kaiser Foundation Hospital - Santa Clara,2500
26,/Users/ryanripper/Downloads/2019/Kaiser Foundation Hospital - Santa Clara,2500
26,/Users/ryanripper/Downloads/2019/Kaiser Foundation Hospital - Santa Clara,2500
26,/Users/ryanripper/Downloads/2019/Kaiser Foundation Hospital - Santa Clara,2500
26,/Users/ryanripper/Downloads/2019/Kaiser Foundation Hospital - Santa Clara,2500
26,/Users/ryanripper/Downloads/2019/Kaiser Foundation Hospital - Santa Clara,2500
26,/Users/ryanripper/Downloads/2019/Kaiser Foundation Hospital - Santa Clara,2500
26,/Users/ryanripper/Downloads/2019/Kaiser Foundation Hospital - Santa Clara,2500
26,/Users/ryanripper/Downloads/2019/Kaiser Foundation Hospital - Santa Clara,2500
26,/Users/ryanripper/Downloads/2019/Kaiser Foundation Hospital - Santa Clara,2500
26,/Users/ryanripper/Downloads/2019/Kaiser Foundation Hospital - Santa Clara,2500
26,/Users/ryanripper/Downloads/2019/Kaiser Foundation Hospital - Santa Clara,2500
26,/Users/ryanripper/Downloads/2019/Kaiser Foundation Hospital - Santa Clara,2500
26,/Users/ryanripper/Downloads/2019/Kaiser Foundation Hospital - Santa Clara,2500
26,/Users/ryanripper/Downloads/2019/Kaiser Foundation Hospital - Santa Clara,2500
26,/Users/ryanripper/Downloads/2019/Kaiser Foundation Hospital - Santa Clara,2500
26,/Users/ryanripper/Downloads/2019/Kaiser Foundation Hospital - Santa Clara,2500
26,/Users/ryanripper/Downloads/2019/Kaiser Foundation Hospital - Santa Clara,2500
26,/Users/ryanripper/Downloads/2019/Aurora Behavioral Healthcare - Santa Rosa,
13747,/Users/ryanripper/Downloads/2019/Childrens Hospital of Los Angeles,1590.0
19851,/Users/ryanripper/Downloads/2019/Childrens Hospital of Los Angeles,1590.0
46544,/Users/ryanripper/Downloads/2019/Childrens Hospital of Los Angeles,1590.0
26,/Users/ryanripper/Downloads/2019/Childrens Hospital of Los Angeles,1590
26,/Users/ryanripper/Downloads/2019/Childrens Hospital at Mission,4795
26,/Users/ryanripper/Downloads/2019/Sierra Vista Regional Medical Center,5288.47
25,/Users/ryanripper/Downloads/2019/Alameda Hospital,3482.8172588832485
143,/Users/ryanripper/Downloads/2019/Alameda Hospital,3555
26,/Users/ryanripper/Downloads/2019/Beverly Hospital,2984.25
26,/Users/ryanripper/Downloads/2019/California Hospital Medical Center,4045
23,/Users/ryanripper/Downloads/2019/Rideout Memorial Hospital,5058
22209,/Users/ryanripper/Downloads/2019/Rideout Memorial Hospital,5058.0
26,/Users/ryanripper/Downloads/2019/Northern Inyo Hospital,2280
26,/Users/ryanripper/Downloads/2019/Aurora San Diego Hospital,
26,/Users/ryanripper/Downloads/2019/Bakersfield Heart Hospital,2500
9141,/Users/ryanripper/Downloads/2019/Bakersfield Heart Hospital,2500.0
22,/Users/ryanripper/Downloads/2019/Enloe Medical Center,4621
26,/Users/ryanripper/Downloads/2019/Anaheim Global Medical Center,2003.07
1932,/Users/ryanripper/Downloads/2019/Kindred Hospital Paramount,4678.8
25,/Users/ryanripper/Downloads/2019/Montclair Hospital Medical Center,5065
14819,/Users/ryanripper/Downloads/2019/Oroville Hospital,CT HEAD W/O CTRST     OP
6712,/Users/ryanripper/Downloads/2019/Oroville Hospital,1603
6812,/Users/ryanripper/Downloads/2019/Oroville Hospital,1737
26,/Users/ryanripper/Downloads/2019/Oroville Hospital,
9717,/Users/ryanripper/Downloads/2019/Contra Costa Regional Medical Center,70450
9718,/Users/ryanripper/Downloads/2019/Contra Costa Regional Medical Center,70450
26,/Users/ryanripper/Downloads/2019/Contra Costa Regional Medical Center,1000
26,/Users/ryanripper/Downloads/2019/Sharp Chula Vista Medical Center,2490
25,/Users/ryanripper/Downloads/2019/BHC Heritage Oaks Hospital,
7452,/Users/ryanripper/Downloads/2019/Hoag Orthopedic Institute,2077.85
26,/Users/ryanripper/Downloads/2019/Hoag Orthopedic Institute,1979
20,/Users/ryanripper/Downloads/2019/Stanford University Hospital,4974
26,/Users/ryanripper/Downloads/2019/Victor Valley Global Medical Center,2028
26,/Users/ryanripper/Downloads/2019/Kaiser Foundation Hospital - San Jose,2500
26,/Users/ryanripper/Downloads/2019/Kaiser Foundation Hospital - San Jose,2500
26,/Users/ryanripper/Downloads/2019/Kaiser Foundation Hospital - San Jose,2500
26,/Users/ryanripper/Downloads/2019/Kaiser Foundation Hospital - San Jose,2500
26,/Users/ryanripper/Downloads/2019/Kaiser Foundation Hospital - San Jose,2500
26,/Users/ryanripper/Downloads/2019/Kaiser Foundation Hospital - San Jose,2500
26,/Users/ryanripper/Downloads/2019/Kaiser Foundation Hospital - San Jose,2500
26,/Users/ryanripper/Downloads/2019/Kaiser Foundation Hospital - San Jose,2500
26,/Users/ryanripper/Downloads/2019/Kaiser Foundation Hospital - San Jose,2500
26,/Users/ryanripper/Downloads/2019/Kaiser Foundation Hospital - San Jose,2500
26,/Users/ryanripper/Downloads/2019/Kaiser Foundation Hospital - San Jose,2500
26,/Users/ryanripper/Downloads/2019/Kaiser Foundation Hospital - San Jose,2500
26,/Users/ryanripper/Downloads/2019/Kaiser Foundation Hospital - San Jose,2500
26,/Users/ryanripper/Downloads/2019/Kaiser Foundation Hospital - San Jose,2500
26,/Users/ryanripper/Downloads/2019/Kaiser Foundation Hospital - San Jose,2500
26,/Users/ryanripper/Downloads/2019/Kaiser Foundation Hospital - San Jose,2500
26,/Users/ryanripper/Downloads/2019/Kaiser Foundation Hospital - San Jose,2500
26,/Users/ryanripper/Downloads/2019/Kaiser Foundation Hospital - San Jose,2500
26,/Users/ryanripper/Downloads/2019/Kaiser Foundation Hospital - San Jose,2500
26,/Users/ryanripper/Downloads/2019/Kaiser Foundation Hospital - San Jose,2500
26,/Users/ryanripper/Downloads/2019/Kaiser Foundation Hospital - San Jose,2500
5390,/Users/ryanripper/Downloads/2019/Healdsburg District Hospital,
26,/Users/ryanripper/Downloads/2019/Healdsburg District Hospital,1231
26,/Users/ryanripper/Downloads/2019/Community Hospital of San Bernardino,3142
15,/Users/ryanripper/Downloads/2019/Adventist Health White Memorial,6758
19,/Users/ryanripper/Downloads/2019/Eden Medical Center,3294
21,/Users/ryanripper/Downloads/2019/Emanate Health Queen of the Valley Hospital,2248.03
22,/Users/ryanripper/Downloads/2019/Emanate Health Queen of the Valley Hospital,2248.03
19,/Users/ryanripper/Downloads/2019/Sutter Davis Hospital,2674
19,/Users/ryanripper/Downloads/2019/Sutter Roseville Medical Center,2674
26,/Users/ryanripper/Downloads/2019/Kaiser Foundation Hospital - Fresno,2500
26,/Users/ryanripper/Downloads/2019/Kaiser Foundation Hospital - Fresno,2500
26,/Users/ryanripper/Downloads/2019/Kaiser Foundation Hospital - Fresno,2500
26,/Users/ryanripper/Downloads/2019/Kaiser Foundation Hospital - Fresno,2500
26,/Users/ryanripper/Downloads/2019/Kaiser Foundation Hospital - Fresno,2500
26,/Users/ryanripper/Downloads/2019/Kaiser Foundation Hospital - Fresno,2500
26,/Users/ryanripper/Downloads/2019/Kaiser Foundation Hospital - Fresno,2500
26,/Users/ryanripper/Downloads/2019/Kaiser Foundation Hospital - Fresno,2500
26,/Users/ryanripper/Downloads/2019/Kaiser Foundation Hospital - Fresno,2500
26,/Users/ryanripper/Downloads/2019/Kaiser Foundation Hospital - Fresno,2500
26,/Users/ryanripper/Downloads/2019/Kaiser Foundation Hospital - Fresno,2500
26,/Users/ryanripper/Downloads/2019/Kaiser Foundation Hospital - Fresno,2500
26,/Users/ryanripper/Downloads/2019/Kaiser Foundation Hospital - Fresno,2500
26,/Users/ryanripper/Downloads/2019/Kaiser Foundation Hospital - Fresno,2500
26,/Users/ryanripper/Downloads/2019/Kaiser Foundation Hospital - Fresno,2500
26,/Users/ryanripper/Downloads/2019/Kaiser Foundation Hospital - Fresno,2500
26,/Users/ryanripper/Downloads/2019/Kaiser Foundation Hospital - Fresno,2500
26,/Users/ryanripper/Downloads/2019/Kaiser Foundation Hospital - Fresno,2500
26,/Users/ryanripper/Downloads/2019/Kaiser Foundation Hospital - Fresno,2500
26,/Users/ryanripper/Downloads/2019/Kaiser Foundation Hospital - Fresno,2500
26,/Users/ryanripper/Downloads/2019/Kaiser Foundation Hospital - Fresno,2500
26,/Users/ryanripper/Downloads/2019/Sharp Memorial Hospital,2490
23,/Users/ryanripper/Downloads/2019/Valleycare Medical Center,2865
26,/Users/ryanripper/Downloads/2019/Kaiser Foundation Hospital - Roseville,2500
26,/Users/ryanripper/Downloads/2019/Kaiser Foundation Hospital - Roseville,2500
26,/Users/ryanripper/Downloads/2019/Kaiser Foundation Hospital - Roseville,2500
26,/Users/ryanripper/Downloads/2019/Kaiser Foundation Hospital - Roseville,2500
26,/Users/ryanripper/Downloads/2019/Kaiser Foundation Hospital - Roseville,2500
26,/Users/ryanripper/Downloads/2019/Kaiser Foundation Hospital - Roseville,2500
26,/Users/ryanripper/Downloads/2019/Kaiser Foundation Hospital - Roseville,2500
26,/Users/ryanripper/Downloads/2019/Kaiser Foundation Hospital - Roseville,2500
26,/Users/ryanripper/Downloads/2019/Kaiser Foundation Hospital - Roseville,2500
26,/Users/ryanripper/Downloads/2019/Kaiser Foundation Hospital - Roseville,2500
26,/Users/ryanripper/Downloads/2019/Kaiser Foundation Hospital - Roseville,2500
26,/Users/ryanripper/Downloads/2019/Kaiser Foundation Hospital - Roseville,2500
26,/Users/ryanripper/Downloads/2019/Kaiser Foundation Hospital - Roseville,2500
26,/Users/ryanripper/Downloads/2019/Kaiser Foundation Hospital - Roseville,2500
26,/Users/ryanripper/Downloads/2019/Kaiser Foundation Hospital - Roseville,2500
26,/Users/ryanripper/Downloads/2019/Kaiser Foundation Hospital - Roseville,2500
26,/Users/ryanripper/Downloads/2019/Kaiser Foundation Hospital - Roseville,2500
26,/Users/ryanripper/Downloads/2019/Kaiser Foundation Hospital - Roseville,2500
26,/Users/ryanripper/Downloads/2019/Kaiser Foundation Hospital - Roseville,2500
26,/Users/ryanripper/Downloads/2019/Kaiser Foundation Hospital - Roseville,2500
26,/Users/ryanripper/Downloads/2019/Kaiser Foundation Hospital - Roseville,2500
25,/Users/ryanripper/Downloads/2019/BHC Sierra Vista Hospital,
17520,/Users/ryanripper/Downloads/2019/Kindred Hospital - San Diego,3615.15
8105,/Users/ryanripper/Downloads/2019/Kindred Hospital - San Diego,3615.15
26,/Users/ryanripper/Downloads/2019/Loma Linda University Medical Center - Murrieta,2808
25,/Users/ryanripper/Downloads/2019/Garfield Medical Center,6821
26,/Users/ryanripper/Downloads/2019/Good Samaritan Hospital - Los Angeles,4500
25,/Users/ryanripper/Downloads/2019/Redwood Memorial Hospital,1646
2043,/Users/ryanripper/Downloads/2019/Redwood Memorial Hospital,351
2044,/Users/ryanripper/Downloads/2019/Redwood Memorial Hospital,351
26,/Users/ryanripper/Downloads/2019/Arrowhead Regional Medical Center,1903
5168,/Users/ryanripper/Downloads/2019/Arrowhead Regional Medical Center,01.4680
26,/Users/ryanripper/Downloads/2019/John F Kennedy Memorial Hospital,6613.53
26,/Users/ryanripper/Downloads/2019/Marian Medical Center,2426
26,/Users/ryanripper/Downloads/2019/Marian Medical Center,2426
19,/Users/ryanripper/Downloads/2019/Sutter Tracy Community Memorial Hospital,2674
26,/Users/ryanripper/Downloads/2019/Regional Medical Center of San Jose,
33,/Users/ryanripper/Downloads/2019/Regional Medical Center of San Jose,70450
9596,/Users/ryanripper/Downloads/2019/Regional Medical Center of San Jose,
4227,/Users/ryanripper/Downloads/2019/Olympia Medical Center,1453.0
25,/Users/ryanripper/Downloads/2019/Emanuel Medical Center,7773.09
25,/Users/ryanripper/Downloads/2019/Kaiser Foundation Hospital - Baldwin Park,70450
25,/Users/ryanripper/Downloads/2019/Heritage Oaks Hospital,
26,/Users/ryanripper/Downloads/2019/East Los Angeles Doctors Hospital,4240.47
26,/Users/ryanripper/Downloads/2019/Scripps Green Hospital,908
26,/Users/ryanripper/Downloads/2019/Kaiser Foundation Rehab Hospital - Vallejo,2500
26,/Users/ryanripper/Downloads/2019/Kaiser Foundation Rehab Hospital - Vallejo,2500
26,/Users/ryanripper/Downloads/2019/Kaiser Foundation Rehab Hospital - Vallejo,2500
26,/Users/ryanripper/Downloads/2019/Kaiser Foundation Rehab Hospital - Vallejo,2500
26,/Users/ryanripper/Downloads/2019/Kaiser Foundation Rehab Hospital - Vallejo,2500
26,/Users/ryanripper/Downloads/2019/Kaiser Foundation Rehab Hospital - Vallejo,2500
26,/Users/ryanripper/Downloads/2019/Kaiser Foundation Rehab Hospital - Vallejo,2500
26,/Users/ryanripper/Downloads/2019/Kaiser Foundation Rehab Hospital - Vallejo,2500
26,/Users/ryanripper/Downloads/2019/Kaiser Foundation Rehab Hospital - Vallejo,2500
26,/Users/ryanripper/Downloads/2019/Kaiser Foundation Rehab Hospital - Vallejo,2500
26,/Users/ryanripper/Downloads/2019/Kaiser Foundation Rehab Hospital - Vallejo,2500
26,/Users/ryanripper/Downloads/2019/Kaiser Foundation Rehab Hospital - Vallejo,2500
26,/Users/ryanripper/Downloads/2019/Kaiser Foundation Rehab Hospital - Vallejo,2500
26,/Users/ryanripper/Downloads/2019/Kaiser Foundation Rehab Hospital - Vallejo,2500
26,/Users/ryanripper/Downloads/2019/Kaiser Foundation Rehab Hospital - Vallejo,2500
26,/Users/ryanripper/Downloads/2019/Kaiser Foundation Rehab Hospital - Vallejo,2500
26,/Users/ryanripper/Downloads/2019/Kaiser Foundation Rehab Hospital - Vallejo,2500
26,/Users/ryanripper/Downloads/2019/Kaiser Foundation Rehab Hospital - Vallejo,2500
26,/Users/ryanripper/Downloads/2019/Kaiser Foundation Rehab Hospital - Vallejo,2500
26,/Users/ryanripper/Downloads/2019/Kaiser Foundation Rehab Hospital - Vallejo,2500
26,/Users/ryanripper/Downloads/2019/Kaiser Foundation Rehab Hospital - Vallejo,2500
21,/Users/ryanripper/Downloads/2019/Adventist Health Tulare,2581.56
26,/Users/ryanripper/Downloads/2019/Kindred Hospital - Baldwin Park,2776.2
8232,/Users/ryanripper/Downloads/2019/Kindred Hospital - Baldwin Park,28314537770
25,/Users/ryanripper/Downloads/2019/Mission Regional Medical Center,3140
3506,/Users/ryanripper/Downloads/2019/Mission Regional Medical Center,351
3507,/Users/ryanripper/Downloads/2019/Mission Regional Medical Center,351
25,/Users/ryanripper/Downloads/2019/Henry Mayo Newhall Memorial Hospital,4848.43
26,/Users/ryanripper/Downloads/2019/Placentia-Linda Community Hospital,6920.61
26,/Users/ryanripper/Downloads/2019/Mercy Medical Center - Merced,5774
26,/Users/ryanripper/Downloads/2019/Kaiser Foundation Hospital - Antioch,2500
26,/Users/ryanripper/Downloads/2019/Kaiser Foundation Hospital - Antioch,2500
26,/Users/ryanripper/Downloads/2019/Kaiser Foundation Hospital - Antioch,2500
26,/Users/ryanripper/Downloads/2019/Kaiser Foundation Hospital - Antioch,2500
26,/Users/ryanripper/Downloads/2019/Kaiser Foundation Hospital - Antioch,2500
26,/Users/ryanripper/Downloads/2019/Kaiser Foundation Hospital - Antioch,2500
26,/Users/ryanripper/Downloads/2019/Kaiser Foundation Hospital - Antioch,2500
26,/Users/ryanripper/Downloads/2019/Kaiser Foundation Hospital - Antioch,2500
26,/Users/ryanripper/Downloads/2019/Kaiser Foundation Hospital - Antioch,2500
26,/Users/ryanripper/Downloads/2019/Kaiser Foundation Hospital - Antioch,2500
26,/Users/ryanripper/Downloads/2019/Kaiser Foundation Hospital - Antioch,2500
26,/Users/ryanripper/Downloads/2019/Kaiser Foundation Hospital - Antioch,2500
26,/Users/ryanripper/Downloads/2019/Kaiser Foundation Hospital - Antioch,2500
26,/Users/ryanripper/Downloads/2019/Kaiser Foundation Hospital - Antioch,2500
26,/Users/ryanripper/Downloads/2019/Kaiser Foundation Hospital - Antioch,2500
26,/Users/ryanripper/Downloads/2019/Kaiser Foundation Hospital - Antioch,2500
26,/Users/ryanripper/Downloads/2019/Kaiser Foundation Hospital - Antioch,2500
26,/Users/ryanripper/Downloads/2019/Kaiser Foundation Hospital - Antioch,2500
26,/Users/ryanripper/Downloads/2019/Kaiser Foundation Hospital - Antioch,2500
26,/Users/ryanripper/Downloads/2019/Kaiser Foundation Hospital - Antioch,2500
26,/Users/ryanripper/Downloads/2019/Kaiser Foundation Hospital - Antioch,2500
19,/Users/ryanripper/Downloads/2019/Sutter Auburn Faith Hospital,2674
25,/Users/ryanripper/Downloads/2019/Ojai Valley Community Hospital,657
19,/Users/ryanripper/Downloads/2019/Sutter Surgical Hospital - North Valley,
26,/Users/ryanripper/Downloads/2019/St Bernardine Medical Center,3142
26,/Users/ryanripper/Downloads/2019/Sierra Nevada Memorial Hospital,3898
26,/Users/ryanripper/Downloads/2019/Mercy General Hospital,4604
25,/Users/ryanripper/Downloads/2019/Sierra Vista Hospital,
26,/Users/ryanripper/Downloads/2019/Bakersfield Behavioral Healthcare Hospital,
19,/Users/ryanripper/Downloads/2019/Alta Bates-Summit Med Ctr-Summit Campus,3294
19,/Users/ryanripper/Downloads/2019/Alta Bates-Summit Med Ctr-Summit Campus,3294
26,/Users/ryanripper/Downloads/2019/John C Fremont Healthcare District,1430
26,/Users/ryanripper/Downloads/2019/Ventura County Medical Center,2343
26,/Users/ryanripper/Downloads/2019/Hemet Valley Medical Center,2045.75
26,/Users/ryanripper/Downloads/2019/Santa Clara Valley Medical Center,695
26,/Users/ryanripper/Downloads/2019/Southwest Healthcare System - Murrieta,3923
26,/Users/ryanripper/Downloads/2019/Eastern Plumas Dsitrict Hospital,1453
1169,/Users/ryanripper/Downloads/2019/Eastern Plumas Dsitrict Hospital,
1485,/Users/ryanripper/Downloads/2019/Eastern Plumas Dsitrict Hospital,
1212,/Users/ryanripper/Downloads/2019/Eastern Plumas Dsitrict Hospital,
1531,/Users/ryanripper/Downloads/2019/Eastern Plumas Dsitrict Hospital,
846,/Users/ryanripper/Downloads/2019/Eastern Plumas Dsitrict Hospital,RAD
1085,/Users/ryanripper/Downloads/2019/Eastern Plumas Dsitrict Hospital,RAD
26,/Users/ryanripper/Downloads/2019/Santa Ynez Valley Cottage Hospital,1873.84
26,/Users/ryanripper/Downloads/2019/Doctors Hospital - Manteca,7609.09
26,/Users/ryanripper/Downloads/2019/Vibra Rehabilitation Hospital of Rancho Mirage,
1882,/Users/ryanripper/Downloads/2019/Vibra Rehabilitation Hospital of Rancho Mirage,
26,/Users/ryanripper/Downloads/2019/Goleta Valley Cottage Hospital,1873.84
22,/Users/ryanripper/Downloads/2019/Kern Medical Center,1694.95
18902,/Users/ryanripper/Downloads/2019/Kern Medical Center,1694.95
18903,/Users/ryanripper/Downloads/2019/Kern Medical Center,226.1
19638,/Users/ryanripper/Downloads/2019/Kern Medical Center,0.0
19639,/Users/ryanripper/Downloads/2019/Kern Medical Center,0.0
1104,/Users/ryanripper/Downloads/2019/Hollywood Presbyterian Medical Center,3712.0
26,/Users/ryanripper/Downloads/2019/Hollywood Presbyterian Medical Center,3712
26,/Users/ryanripper/Downloads/2019/St Francis Memorial Hospital - S.F,4400
25,/Users/ryanripper/Downloads/2019/Community Memorial Hospital San Buenaventura,657
26,/Users/ryanripper/Downloads/2019/San Joaquin Valley Rehab Center,
471,/Users/ryanripper/Downloads/2019/San Joaquin Valley Rehab Center,
597,/Users/ryanripper/Downloads/2019/San Joaquin Valley Rehab Center,
6803,/Users/ryanripper/Downloads/2019/San Joaquin Valley Rehab Center,
7084,/Users/ryanripper/Downloads/2019/San Joaquin Valley Rehab Center,
25,/Users/ryanripper/Downloads/2019/Eisenhower Medical Center,3640
26,/Users/ryanripper/Downloads/2019/French Hospital - San Luis Obispo,395
26,/Users/ryanripper/Downloads/2019/Kaiser Foundation Northern Region,2500
26,/Users/ryanripper/Downloads/2019/Kaiser Foundation Northern Region,2500
26,/Users/ryanripper/Downloads/2019/Kaiser Foundation Northern Region,2500
26,/Users/ryanripper/Downloads/2019/Kaiser Foundation Northern Region,2500
26,/Users/ryanripper/Downloads/2019/Kaiser Foundation Northern Region,2500
26,/Users/ryanripper/Downloads/2019/Kaiser Foundation Northern Region,2500
26,/Users/ryanripper/Downloads/2019/Kaiser Foundation Northern Region,2500
26,/Users/ryanripper/Downloads/2019/Kaiser Foundation Northern Region,2500
26,/Users/ryanripper/Downloads/2019/Kaiser Foundation Northern Region,2500
26,/Users/ryanripper/Downloads/2019/Kaiser Foundation Northern Region,2500
26,/Users/ryanripper/Downloads/2019/Kaiser Foundation Northern Region,2500
26,/Users/ryanripper/Downloads/2019/Kaiser Foundation Northern Region,2500
26,/Users/ryanripper/Downloads/2019/Kaiser Foundation Northern Region,2500
26,/Users/ryanripper/Downloads/2019/Kaiser Foundation Northern Region,2500
26,/Users/ryanripper/Downloads/2019/Kaiser Foundation Northern Region,2500
26,/Users/ryanripper/Downloads/2019/Kaiser Foundation Northern Region,2500
26,/Users/ryanripper/Downloads/2019/Kaiser Foundation Northern Region,2500
26,/Users/ryanripper/Downloads/2019/Kaiser Foundation Northern Region,2500
26,/Users/ryanripper/Downloads/2019/Kaiser Foundation Northern Region,2500
26,/Users/ryanripper/Downloads/2019/Kaiser Foundation Northern Region,2500
26,/Users/ryanripper/Downloads/2019/Kaiser Foundation Northern Region,2500
26,/Users/ryanripper/Downloads/2019/Mercy San Juan Hospital,4604
26,/Users/ryanripper/Downloads/2019/Marin General Hospital,6500
19,/Users/ryanripper/Downloads/2019/California Pacific Medical Center - Pacific Campus,3294
19,/Users/ryanripper/Downloads/2019/California Pacific Medical Center - Pacific Campus,3294
25,/Users/ryanripper/Downloads/2019/Kaiser Foundation Hospital - San Diego,70450
25,/Users/ryanripper/Downloads/2019/Kaiser Foundation Hospital - San Diego,70450
20,/Users/ryanripper/Downloads/2019/Sutter Maternity & Surgery Center,
26,/Users/ryanripper/Downloads/2019/Mayers Memorial Hospital,1784
26,/Users/ryanripper/Downloads/2019/Sonoma Valley Hospital,5486
25,/Users/ryanripper/Downloads/2019/Marina Del Rey Hospital,3834.24
1997,/Users/ryanripper/Downloads/2019/Marina Del Rey Hospital,70450
26,/Users/ryanripper/Downloads/2019/College Medical Center,3000
2357,/Users/ryanripper/Downloads/2019/College Medical Center,3000.0
2373,/Users/ryanripper/Downloads/2019/College Medical Center,3000.0
4032,/Users/ryanripper/Downloads/2019/College Medical Center,94.86
1100,/Users/ryanripper/Downloads/2019/Southern California Hospital at Hollywood,70450
27,/Users/ryanripper/Downloads/2019/Southern California Hospital at Hollywood,
27,/Users/ryanripper/Downloads/2019/Southern California Hospital at Hollywood,3529
27,/Users/ryanripper/Downloads/2019/Southern California Hospital at Hollywood,3530
1096,/Users/ryanripper/Downloads/2019/Southern California Hospital at Hollywood,3530.0
1367,/Users/ryanripper/Downloads/2019/Sharp Grossmont Hospital,CT SCAN HEAD W/O CONT.
26,/Users/ryanripper/Downloads/2019/Sharp Grossmont Hospital,2490
25,/Users/ryanripper/Downloads/2019/La Palma Intercommunity Hospital,1689
19,/Users/ryanripper/Downloads/2019/Sutter Solano Medical Center,3294
26,/Users/ryanripper/Downloads/2019/North Bay Medical Center,3871.5
26,/Users/ryanripper/Downloads/2019/Kaiser Foundation Hospital - San Francisco,2500
26,/Users/ryanripper/Downloads/2019/Kaiser Foundation Hospital - San Francisco,2500
26,/Users/ryanripper/Downloads/2019/Kaiser Foundation Hospital - San Francisco,2500
26,/Users/ryanripper/Downloads/2019/Kaiser Foundation Hospital - San Francisco,2500
26,/Users/ryanripper/Downloads/2019/Kaiser Foundation Hospital - San Francisco,2500
26,/Users/ryanripper/Downloads/2019/Kaiser Foundation Hospital - San Francisco,2500
26,/Users/ryanripper/Downloads/2019/Kaiser Foundation Hospital - San Francisco,2500
26,/Users/ryanripper/Downloads/2019/Kaiser Foundation Hospital - San Francisco,2500
26,/Users/ryanripper/Downloads/2019/Kaiser Foundation Hospital - San Francisco,2500
26,/Users/ryanripper/Downloads/2019/Kaiser Foundation Hospital - San Francisco,2500
26,/Users/ryanripper/Downloads/2019/Kaiser Foundation Hospital - San Francisco,2500
26,/Users/ryanripper/Downloads/2019/Kaiser Foundation Hospital - San Francisco,2500
26,/Users/ryanripper/Downloads/2019/Kaiser Foundation Hospital - San Francisco,2500
26,/Users/ryanripper/Downloads/2019/Kaiser Foundation Hospital - San Francisco,2500
26,/Users/ryanripper/Downloads/2019/Kaiser Foundation Hospital - San Francisco,2500
26,/Users/ryanripper/Downloads/2019/Kaiser Foundation Hospital - San Francisco,2500
26,/Users/ryanripper/Downloads/2019/Kaiser Foundation Hospital - San Francisco,2500
26,/Users/ryanripper/Downloads/2019/Kaiser Foundation Hospital - San Francisco,2500
26,/Users/ryanripper/Downloads/2019/Kaiser Foundation Hospital - San Francisco,2500
26,/Users/ryanripper/Downloads/2019/Kaiser Foundation Hospital - San Francisco,2500
26,/Users/ryanripper/Downloads/2019/Kaiser Foundation Hospital - San Francisco,2500
19,/Users/ryanripper/Downloads/2019/California Pacific Medical Center - St Lukes Campus,3294
26,/Users/ryanripper/Downloads/2019/Desert Regional Medical Center,5305.69
8052,/Users/ryanripper/Downloads/2019/Kindred Hospital - Los Angeles,3724.35
26,/Users/ryanripper/Downloads/2019/St Johns Regional Medical Center - Oxnard,3039
25,/Users/ryanripper/Downloads/2019/Presbyterian Intercommunity Hospital,5697
26,/Users/ryanripper/Downloads/2019/Methodist Hospital - Sacramento,4604
26,/Users/ryanripper/Downloads/2019/Kaiser Foundation Hospital - Oakland-Richmond,2500
26,/Users/ryanripper/Downloads/2019/Kaiser Foundation Hospital - Oakland-Richmond,2500
26,/Users/ryanripper/Downloads/2019/Kaiser Foundation Hospital - Oakland-Richmond,2500
26,/Users/ryanripper/Downloads/2019/Kaiser Foundation Hospital - Oakland-Richmond,2500
26,/Users/ryanripper/Downloads/2019/Kaiser Foundation Hospital - Oakland-Richmond,2500
26,/Users/ryanripper/Downloads/2019/Kaiser Foundation Hospital - Oakland-Richmond,2500
26,/Users/ryanripper/Downloads/2019/Kaiser Foundation Hospital - Oakland-Richmond,2500
26,/Users/ryanripper/Downloads/2019/Kaiser Foundation Hospital - Oakland-Richmond,2500
26,/Users/ryanripper/Downloads/2019/Kaiser Foundation Hospital - Oakland-Richmond,2500
26,/Users/ryanripper/Downloads/2019/Kaiser Foundation Hospital - Oakland-Richmond,2500
26,/Users/ryanripper/Downloads/2019/Kaiser Foundation Hospital - Oakland-Richmond,2500
26,/Users/ryanripper/Downloads/2019/Kaiser Foundation Hospital - Oakland-Richmond,2500
26,/Users/ryanripper/Downloads/2019/Kaiser Foundation Hospital - Oakland-Richmond,2500
26,/Users/ryanripper/Downloads/2019/Kaiser Foundation Hospital - Oakland-Richmond,2500
26,/Users/ryanripper/Downloads/2019/Kaiser Foundation Hospital - Oakland-Richmond,2500
26,/Users/ryanripper/Downloads/2019/Kaiser Foundation Hospital - Oakland-Richmond,2500
26,/Users/ryanripper/Downloads/2019/Kaiser Foundation Hospital - Oakland-Richmond,2500
26,/Users/ryanripper/Downloads/2019/Kaiser Foundation Hospital - Oakland-Richmond,2500
26,/Users/ryanripper/Downloads/2019/Kaiser Foundation Hospital - Oakland-Richmond,2500
26,/Users/ryanripper/Downloads/2019/Kaiser Foundation Hospital - Oakland-Richmond,2500
26,/Users/ryanripper/Downloads/2019/Kaiser Foundation Hospital - Oakland-Richmond,2500
26,/Users/ryanripper/Downloads/2019/Aurora Las Encinas Hospital,
25,/Users/ryanripper/Downloads/2019/Glendora Commuity Hospital,2047.2
25,/Users/ryanripper/Downloads/2019/Sierra View Medical Center,
26,/Users/ryanripper/Downloads/2019/Sharp Mesa Vista Hospital,
26,/Users/ryanripper/Downloads/2019/Earl & Lorraine Miller Childrens Hospital,3491
26,/Users/ryanripper/Downloads/2019/Loma Linda University Behavioral Medical Center,5000
19877,/Users/ryanripper/Downloads/2019/Hoag Memorial Hospital,1979
26,/Users/ryanripper/Downloads/2019/Hoag Memorial Hospital,1979
26,/Users/ryanripper/Downloads/2019/Mercy Hospital - Folsom,4604
26,/Users/ryanripper/Downloads/2019/Barstow Community Hospital,7163
1529,/Users/ryanripper/Downloads/2019/Barstow Community Hospital,7163.0
26,/Users/ryanripper/Downloads/2019/Providence St Joseph Medical Center,743
11,/Users/ryanripper/Downloads/2019/Lucile Salter Packard Childrens Hospital,5120
19,/Users/ryanripper/Downloads/2019/Sutter Santa Rosa Memorial Hospital,3294
26,/Users/ryanripper/Downloads/2019/Twin Cities Community Hospital,5838.66
25,/Users/ryanripper/Downloads/2019/Kaiser Foundation Hospital - Fontana-Ontario,70450
25,/Users/ryanripper/Downloads/2019/Kaiser Foundation Hospital - Fontana-Ontario,70450
26,/Users/ryanripper/Downloads/2019/Mammoth Hospital,2229
26,/Users/ryanripper/Downloads/2019/Childrens Hospital of Orange County,3143.773253123554
26,/Users/ryanripper/Downloads/2019/Pomona Valley Hospital Medical Center,6984
25,/Users/ryanripper/Downloads/2019/Madera Community Hospital,1173
21,/Users/ryanripper/Downloads/2019/Emanate Health Foothill Presbyterian Hospital,2248.03
25,/Users/ryanripper/Downloads/2019/West Anaheim Medical Center,1689
24,/Users/ryanripper/Downloads/2019/Huntington Memorial Community Hospital,3808.41
25,/Users/ryanripper/Downloads/2019/AHMC Anaheim Regional Medical Center,3627
26,/Users/ryanripper/Downloads/2019/Methodist Hospital - Southern California,4014
26,/Users/ryanripper/Downloads/2019/Orange County Global Medical Center,2405.65
26,/Users/ryanripper/Downloads/2019/St Rose Hospital,3800
1839,/Users/ryanripper/Downloads/2019/Memorial Hospital - Gardena,08/07/2009 14:55:25.517
26,/Users/ryanripper/Downloads/2019/Memorial Hospital - Gardena,4240.47
25,/Users/ryanripper/Downloads/2019/Orange Coast Memorial Medical Center,3491
24,/Users/ryanripper/Downloads/2019/San Dimas Community Hospital,5065
25,/Users/ryanripper/Downloads/2019/St Joseph Hospital - Eureka,1653
2398,/Users/ryanripper/Downloads/2019/St Joseph Hospital - Eureka,351
2399,/Users/ryanripper/Downloads/2019/St Joseph Hospital - Eureka,351
25,/Users/ryanripper/Downloads/2019/Radys Childrens Hospital of San Diego,2900
25,/Users/ryanripper/Downloads/2019/Queen of the Valley - Napa,1602
2803,/Users/ryanripper/Downloads/2019/Queen of the Valley - Napa,351
2804,/Users/ryanripper/Downloads/2019/Queen of the Valley - Napa,351
25,/Users/ryanripper/Downloads/2019/Hazel Hawkins Memorial Hospital,3961.5
26,/Users/ryanripper/Downloads/2019/Chapman Global Medical Center,2403.69
26,/Users/ryanripper/Downloads/2019/Kaiser Foundation Hospital - Santa Rosa,2500
26,/Users/ryanripper/Downloads/2019/Kaiser Foundation Hospital - Santa Rosa,2500
26,/Users/ryanripper/Downloads/2019/Kaiser Foundation Hospital - Santa Rosa,2500
26,/Users/ryanripper/Downloads/2019/Kaiser Foundation Hospital - Santa Rosa,2500
26,/Users/ryanripper/Downloads/2019/Kaiser Foundation Hospital - Santa Rosa,2500
26,/Users/ryanripper/Downloads/2019/Kaiser Foundation Hospital - Santa Rosa,2500
26,/Users/ryanripper/Downloads/2019/Kaiser Foundation Hospital - Santa Rosa,2500
26,/Users/ryanripper/Downloads/2019/Kaiser Foundation Hospital - Santa Rosa,2500
26,/Users/ryanripper/Downloads/2019/Kaiser Foundation Hospital - Santa Rosa,2500
26,/Users/ryanripper/Downloads/2019/Kaiser Foundation Hospital - Santa Rosa,2500
26,/Users/ryanripper/Downloads/2019/Kaiser Foundation Hospital - Santa Rosa,2500
26,/Users/ryanripper/Downloads/2019/Kaiser Foundation Hospital - Santa Rosa,2500
26,/Users/ryanripper/Downloads/2019/Kaiser Foundation Hospital - Santa Rosa,2500
26,/Users/ryanripper/Downloads/2019/Kaiser Foundation Hospital - Santa Rosa,2500
26,/Users/ryanripper/Downloads/2019/Kaiser Foundation Hospital - Santa Rosa,2500
26,/Users/ryanripper/Downloads/2019/Kaiser Foundation Hospital - Santa Rosa,2500
26,/Users/ryanripper/Downloads/2019/Kaiser Foundation Hospital - Santa Rosa,2500
26,/Users/ryanripper/Downloads/2019/Kaiser Foundation Hospital - Santa Rosa,2500
26,/Users/ryanripper/Downloads/2019/Kaiser Foundation Hospital - Santa Rosa,2500
26,/Users/ryanripper/Downloads/2019/Kaiser Foundation Hospital - Santa Rosa,2500
26,/Users/ryanripper/Downloads/2019/Kaiser Foundation Hospital - Santa Rosa,2500
19,/Users/ryanripper/Downloads/2019/Sutter Medical Center - Sacramento,2674
25,/Users/ryanripper/Downloads/2019/Huntington Beach Hospital,1689
25,/Users/ryanripper/Downloads/2019/Santa Monica Hospital - UCLA,2500
25,/Users/ryanripper/Downloads/2019/St Jude Medical Center,2433
2825,/Users/ryanripper/Downloads/2019/St Jude Medical Center,351
2826,/Users/ryanripper/Downloads/2019/St Jude Medical Center,351
26,/Users/ryanripper/Downloads/2019/Mercy Medical Center - Redding,4071
25,/Users/ryanripper/Downloads/2019/Encino Hospital Medical Center,2817.9
26,/Users/ryanripper/Downloads/2019/Sharp Coronado Hospital,2490
24,/Users/ryanripper/Downloads/2019/Adventist Health Glendale,5195
26,/Users/ryanripper/Downloads/2019/Kaiser Foundation Hospital - South Sacramento,2500
26,/Users/ryanripper/Downloads/2019/Kaiser Foundation Hospital - South Sacramento,2500
26,/Users/ryanripper/Downloads/2019/Kaiser Foundation Hospital - South Sacramento,2500
26,/Users/ryanripper/Downloads/2019/Kaiser Foundation Hospital - South Sacramento,2500
26,/Users/ryanripper/Downloads/2019/Kaiser Foundation Hospital - South Sacramento,2500
26,/Users/ryanripper/Downloads/2019/Kaiser Foundation Hospital - South Sacramento,2500
26,/Users/ryanripper/Downloads/2019/Kaiser Foundation Hospital - South Sacramento,2500
26,/Users/ryanripper/Downloads/2019/Kaiser Foundation Hospital - South Sacramento,2500
26,/Users/ryanripper/Downloads/2019/Kaiser Foundation Hospital - South Sacramento,2500
26,/Users/ryanripper/Downloads/2019/Kaiser Foundation Hospital - South Sacramento,2500
26,/Users/ryanripper/Downloads/2019/Kaiser Foundation Hospital - South Sacramento,2500
26,/Users/ryanripper/Downloads/2019/Kaiser Foundation Hospital - South Sacramento,2500
26,/Users/ryanripper/Downloads/2019/Kaiser Foundation Hospital - South Sacramento,2500
26,/Users/ryanripper/Downloads/2019/Kaiser Foundation Hospital - South Sacramento,2500
26,/Users/ryanripper/Downloads/2019/Kaiser Foundation Hospital - South Sacramento,2500
26,/Users/ryanripper/Downloads/2019/Kaiser Foundation Hospital - South Sacramento,2500
26,/Users/ryanripper/Downloads/2019/Kaiser Foundation Hospital - South Sacramento,2500
26,/Users/ryanripper/Downloads/2019/Kaiser Foundation Hospital - South Sacramento,2500
26,/Users/ryanripper/Downloads/2019/Kaiser Foundation Hospital - South Sacramento,2500
26,/Users/ryanripper/Downloads/2019/Kaiser Foundation Hospital - South Sacramento,2500
26,/Users/ryanripper/Downloads/2019/Kaiser Foundation Hospital - South Sacramento,2500
26,/Users/ryanripper/Downloads/2019/Aurora Charter Oak Hospital,
25,/Users/ryanripper/Downloads/2019/Monterey Park Hospital,5881
26,/Users/ryanripper/Downloads/2019/Mercy Hospital - Mt Shasta,1290
25,/Users/ryanripper/Downloads/2019/PIH Hospital - Downey,4575
26,/Users/ryanripper/Downloads/2019/Riverside University Health System Medical Center,4029
19,/Users/ryanripper/Downloads/2019/Sutter Delta Medical Center,3294
27,/Users/ryanripper/Downloads/2019/Foothill Regional Medical Center,3782
995,/Users/ryanripper/Downloads/2019/Kaiser Foundation Hospital - Redwood City,CT SCAN HEAD W/O CONT.
26,/Users/ryanripper/Downloads/2019/Kaiser Foundation Hospital - Redwood City,2500
26,/Users/ryanripper/Downloads/2019/Kaiser Foundation Hospital - Redwood City,2500
26,/Users/ryanripper/Downloads/2019/Kaiser Foundation Hospital - Redwood City,2500
26,/Users/ryanripper/Downloads/2019/Kaiser Foundation Hospital - Redwood City,2500
26,/Users/ryanripper/Downloads/2019/Kaiser Foundation Hospital - Redwood City,2500
26,/Users/ryanripper/Downloads/2019/Kaiser Foundation Hospital - Redwood City,2500
26,/Users/ryanripper/Downloads/2019/Kaiser Foundation Hospital - Redwood City,2500
26,/Users/ryanripper/Downloads/2019/Kaiser Foundation Hospital - Redwood City,2500
26,/Users/ryanripper/Downloads/2019/Kaiser Foundation Hospital - Redwood City,2500
26,/Users/ryanripper/Downloads/2019/Kaiser Foundation Hospital - Redwood City,2500
26,/Users/ryanripper/Downloads/2019/Kaiser Foundation Hospital - Redwood City,2500
26,/Users/ryanripper/Downloads/2019/Kaiser Foundation Hospital - Redwood City,2500
26,/Users/ryanripper/Downloads/2019/Kaiser Foundation Hospital - Redwood City,2500
26,/Users/ryanripper/Downloads/2019/Kaiser Foundation Hospital - Redwood City,2500
26,/Users/ryanripper/Downloads/2019/Kaiser Foundation Hospital - Redwood City,2500
26,/Users/ryanripper/Downloads/2019/Kaiser Foundation Hospital - Redwood City,2500
26,/Users/ryanripper/Downloads/2019/Kaiser Foundation Hospital - Redwood City,2500
26,/Users/ryanripper/Downloads/2019/Kaiser Foundation Hospital - Redwood City,2500
26,/Users/ryanripper/Downloads/2019/Kaiser Foundation Hospital - Redwood City,2500
26,/Users/ryanripper/Downloads/2019/Kaiser Foundation Hospital - Redwood City,2500
26,/Users/ryanripper/Downloads/2019/Kaiser Foundation Hospital - Redwood City,2500
26,/Users/ryanripper/Downloads/2019/San Joaquin General Hospital,4608
26,/Users/ryanripper/Downloads/2019/Sutter Center for Psychiatry,2674
25,/Users/ryanripper/Downloads/2019/Keck Hospital of USC,3928.3
26,/Users/ryanripper/Downloads/2019/Zuckerberg San Francisco General Hospital & Trauma Center,2979
21,/Users/ryanripper/Downloads/2019/Valley Presbyterian Hospital,2136.5
7003,/Users/ryanripper/Downloads/2019/Shriners Childrens Hospital - Northern California,
7441,/Users/ryanripper/Downloads/2019/Shriners Childrens Hospital - Northern California,
7480,/Users/ryanripper/Downloads/2019/Shriners Childrens Hospital - Northern California,
3728,/Users/ryanripper/Downloads/2019/Shriners Childrens Hospital - Northern California,
26,/Users/ryanripper/Downloads/2019/Shriners Childrens Hospital - Northern California,
26,/Users/ryanripper/Downloads/2019/Los Alamitos Medical Center,4510.35
26,/Users/ryanripper/Downloads/2019/St Francis Medical Center - Lynwood,4109
672,/Users/ryanripper/Downloads/2019/Modoc Medical Center,CT HEAD WO CONTR
23,/Users/ryanripper/Downloads/2019/Modoc Medical Center,1606
26,/Users/ryanripper/Downloads/2019/Salinas Valley Memorial Hospital,4502.2
26,/Users/ryanripper/Downloads/2019/Santa Barbara Cottage Hospital,1873.84
19,/Users/ryanripper/Downloads/2019/Memorial Hospital - Los Banos,2674
26,/Users/ryanripper/Downloads/2019/Palmdale Regional Medical Center,4226
26,/Users/ryanripper/Downloads/2019/Kaiser Foundation Hospital - San Leandro,2500
26,/Users/ryanripper/Downloads/2019/Kaiser Foundation Hospital - San Leandro,2500
26,/Users/ryanripper/Downloads/2019/Kaiser Foundation Hospital - San Leandro,2500
26,/Users/ryanripper/Downloads/2019/Kaiser Foundation Hospital - San Leandro,2500
26,/Users/ryanripper/Downloads/2019/Kaiser Foundation Hospital - San Leandro,2500
26,/Users/ryanripper/Downloads/2019/Kaiser Foundation Hospital - San Leandro,2500
26,/Users/ryanripper/Downloads/2019/Kaiser Foundation Hospital - San Leandro,2500
26,/Users/ryanripper/Downloads/2019/Kaiser Foundation Hospital - San Leandro,2500
26,/Users/ryanripper/Downloads/2019/Kaiser Foundation Hospital - San Leandro,2500
26,/Users/ryanripper/Downloads/2019/Kaiser Foundation Hospital - San Leandro,2500
26,/Users/ryanripper/Downloads/2019/Kaiser Foundation Hospital - San Leandro,2500
26,/Users/ryanripper/Downloads/2019/Kaiser Foundation Hospital - San Leandro,2500
26,/Users/ryanripper/Downloads/2019/Kaiser Foundation Hospital - San Leandro,2500
26,/Users/ryanripper/Downloads/2019/Kaiser Foundation Hospital - San Leandro,2500
26,/Users/ryanripper/Downloads/2019/Kaiser Foundation Hospital - San Leandro,2500
26,/Users/ryanripper/Downloads/2019/Kaiser Foundation Hospital - San Leandro,2500
26,/Users/ryanripper/Downloads/2019/Kaiser Foundation Hospital - San Leandro,2500
26,/Users/ryanripper/Downloads/2019/Kaiser Foundation Hospital - San Leandro,2500
26,/Users/ryanripper/Downloads/2019/Kaiser Foundation Hospital - San Leandro,2500
26,/Users/ryanripper/Downloads/2019/Kaiser Foundation Hospital - San Leandro,2500
26,/Users/ryanripper/Downloads/2019/Kaiser Foundation Hospital - San Leandro,2500
26,/Users/ryanripper/Downloads/2019/John Muir Behavioral Health,
26,/Users/ryanripper/Downloads/2019/Washington Hospital - Fremont,2142.52
25,/Users/ryanripper/Downloads/2019/Sherman Oaks Hospital,1572
5659,/Users/ryanripper/Downloads/2019/Glendale Memorial Hospital,70450
5664,/Users/ryanripper/Downloads/2019/Glendale Memorial Hospital,70450
26,/Users/ryanripper/Downloads/2019/Glendale Memorial Hospital,3242
26,/Users/ryanripper/Downloads/2019/Mark Twain Medical Center,
26,/Users/ryanripper/Downloads/2019/UCSD Medical Center,2478
1905,/Users/ryanripper/Downloads/2019/UCSD Medical Center,
26,/Users/ryanripper/Downloads/2019/Good Samaritan Hospital - San Jose,11063
25,/Users/ryanripper/Downloads/2019/Kaiser Foundation Hospital - West L.A,70450
25,/Users/ryanripper/Downloads/2019/San Gabriel Valley Medical Center,3520
26,/Users/ryanripper/Downloads/2019/Pacifica Hospital of the Valley,915
26,/Users/ryanripper/Downloads/2019/St Vincent Medical Center,3877
19,/Users/ryanripper/Downloads/2019/Sutter Coast Hospital,2674
25,/Users/ryanripper/Downloads/2019/Kaiser Foundation Hospital - Moreno Valley,70450
1371,/Users/ryanripper/Downloads/2019/College Hospital - Costa Mesa,70450
25,/Users/ryanripper/Downloads/2019/College Hospital - Costa Mesa,905.2
26,/Users/ryanripper/Downloads/2019/Palomar Health Downtown Campus,
26,/Users/ryanripper/Downloads/2019/Palomar Health Downtown Campus,
30,/Users/ryanripper/Downloads/2019/Laguna Honda Hospital,
25,/Users/ryanripper/Downloads/2019/Greater El Monte Community Hospital,3057
23,/Users/ryanripper/Downloads/2019/Chino Valley Medical Center,2947
26,/Users/ryanripper/Downloads/2019/San Antonio Regional Hospital,5781
22,/Users/ryanripper/Downloads/2019/Adventist Health Sonora - Greenley,4039
25,/Users/ryanripper/Downloads/2019/Kaiser Foundation Hospital - Anaheim,70450
25,/Users/ryanripper/Downloads/2019/Kaiser Foundation Hospital - Anaheim,70450
26,/Users/ryanripper/Downloads/2019/Sequoia Hospital,4013
26,/Users/ryanripper/Downloads/2019/Hi Desert Medical Center,4388.77
26,/Users/ryanripper/Downloads/2019/Valley Childrens Hospital,
25,/Users/ryanripper/Downloads/2019/Ronald Reagan UCLA Medical Center,2500
19,/Users/ryanripper/Downloads/2019/Paradise Valley Hospital,2163
25,/Users/ryanripper/Downloads/2019/Whittier Hospital Medical Center,5420
26,/Users/ryanripper/Downloads/2019/Banner Lassen Medical Center,1224
26,/Users/ryanripper/Downloads/2019/Monrovia Memorial Hospital,
25,/Users/ryanripper/Downloads/2019/Monrovia Memorial Hospital,
25,/Users/ryanripper/Downloads/2019/Torrance Memorial Medical Center,3816.0
23681,/Users/ryanripper/Downloads/2019/Torrance Memorial Medical Center,70450
23684,/Users/ryanripper/Downloads/2019/Torrance Memorial Medical Center,70450
23705,/Users/ryanripper/Downloads/2019/Torrance Memorial Medical Center,70450
23711,/Users/ryanripper/Downloads/2019/Torrance Memorial Medical Center,70450
744,/Users/ryanripper/Downloads/2019/Barton Memorial Hospital,4014.59
26,/Users/ryanripper/Downloads/2019/Barton Memorial Hospital,4014.59
26,/Users/ryanripper/Downloads/2019/Northridge Hospital Medical Center,6838
26,/Users/ryanripper/Downloads/2019/St Agnes Medical Center,1426
26,/Users/ryanripper/Downloads/2019/Kaweah Delta District Hospital,1739.67
26,/Users/ryanripper/Downloads/2019/Community & Mission Hospital at Huntington Park,4240.47
25,/Users/ryanripper/Downloads/2019/Kaiser Foundation Hospital - Los Angeles,70450
150,/Users/ryanripper/Downloads/2019/Jerold Phelps Community Hospital,810.0
203,/Users/ryanripper/Downloads/2019/Jerold Phelps Community Hospital,292.5
26,/Users/ryanripper/Downloads/2019/Jerold Phelps Community Hospital,810
542,/Users/ryanripper/Downloads/2019/Dameron Hospital,23
26,/Users/ryanripper/Downloads/2019/Dameron Hospital,13016.03
25,/Users/ryanripper/Downloads/2019/St Mary Medical Center - Apple Valley,3342
2439,/Users/ryanripper/Downloads/2019/St Mary Medical Center - Apple Valley,351
2440,/Users/ryanripper/Downloads/2019/St Mary Medical Center - Apple Valley,351
25,/Users/ryanripper/Downloads/2019/St Joseph Hospital - Orange,3516.5
3127,/Users/ryanripper/Downloads/2019/St Joseph Hospital - Orange,351
3128,/Users/ryanripper/Downloads/2019/St Joseph Hospital - Orange,351
26,/Users/ryanripper/Downloads/2019/Tahoe Forest Hospital,1691
26,/Users/ryanripper/Downloads/2019/Woodland Memorial Hospital,4604
26,/Users/ryanripper/Downloads/2019/Aurora Vista del Mar Hospital,
8337,/Users/ryanripper/Downloads/2019/Kindred Hospital - Rancho,1950
26,/Users/ryanripper/Downloads/2019/South Coast Global Medical Center,801.24
25,/Users/ryanripper/Downloads/2019/Alvarado Hospital,2999.9
26,/Users/ryanripper/Downloads/2019/Parkview Community Hospital,3423.314819
26,/Users/ryanripper/Downloads/2019/Antelope Valley Hospital,610
5599,/Users/ryanripper/Downloads/2019/Antelope Valley Hospital,RADIOLOGY
5642,/Users/ryanripper/Downloads/2019/Antelope Valley Hospital,RADIOLOGY
5670,/Users/ryanripper/Downloads/2019/Antelope Valley Hospital,RADIOLOGY
5677,/Users/ryanripper/Downloads/2019/Antelope Valley Hospital,RADIOLOGY
5679,/Users/ryanripper/Downloads/2019/Antelope Valley Hospital,RADIOLOGY
5708,/Users/ryanripper/Downloads/2019/Antelope Valley Hospital,RADIOLOGY
5771,/Users/ryanripper/Downloads/2019/Antelope Valley Hospital,RADIOLOGY
5820,/Users/ryanripper/Downloads/2019/Antelope Valley Hospital,RADIOLOGY
5909,/Users/ryanripper/Downloads/2019/Antelope Valley Hospital,RADIOLOGY
5963,/Users/ryanripper/Downloads/2019/Antelope Valley Hospital,RADIOLOGY
5994,/Users/ryanripper/Downloads/2019/Antelope Valley Hospital,RADIOLOGY
6010,/Users/ryanripper/Downloads/2019/Antelope Valley Hospital,RADIOLOGY
6058,/Users/ryanripper/Downloads/2019/Antelope Valley Hospital,RADIOLOGY
26,/Users/ryanripper/Downloads/2019/Loma Linda University Childrens Hospital,5000
5304,/Users/ryanripper/Downloads/2019/Cedars-Sinai Medical Center,70450
25,/Users/ryanripper/Downloads/2019/Cedars-Sinai Medical Center,4838.57
25,/Users/ryanripper/Downloads/2019/Fresno Surgical Hospital,
26,/Users/ryanripper/Downloads/2019/Kaiser Foundation Hospital - Fremont,2500
26,/Users/ryanripper/Downloads/2019/Kaiser Foundation Hospital - Fremont,2500
26,/Users/ryanripper/Downloads/2019/Kaiser Foundation Hospital - Fremont,2500
26,/Users/ryanripper/Downloads/2019/Kaiser Foundation Hospital - Fremont,2500
26,/Users/ryanripper/Downloads/2019/Kaiser Foundation Hospital - Fremont,2500
26,/Users/ryanripper/Downloads/2019/Kaiser Foundation Hospital - Fremont,2500
26,/Users/ryanripper/Downloads/2019/Kaiser Foundation Hospital - Fremont,2500
26,/Users/ryanripper/Downloads/2019/Kaiser Foundation Hospital - Fremont,2500
26,/Users/ryanripper/Downloads/2019/Kaiser Foundation Hospital - Fremont,2500
26,/Users/ryanripper/Downloads/2019/Kaiser Foundation Hospital - Fremont,2500
26,/Users/ryanripper/Downloads/2019/Kaiser Foundation Hospital - Fremont,2500
26,/Users/ryanripper/Downloads/2019/Kaiser Foundation Hospital - Fremont,2500
26,/Users/ryanripper/Downloads/2019/Kaiser Foundation Hospital - Fremont,2500
26,/Users/ryanripper/Downloads/2019/Kaiser Foundation Hospital - Fremont,2500
26,/Users/ryanripper/Downloads/2019/Kaiser Foundation Hospital - Fremont,2500
26,/Users/ryanripper/Downloads/2019/Kaiser Foundation Hospital - Fremont,2500
26,/Users/ryanripper/Downloads/2019/Kaiser Foundation Hospital - Fremont,2500
26,/Users/ryanripper/Downloads/2019/Kaiser Foundation Hospital - Fremont,2500
26,/Users/ryanripper/Downloads/2019/Kaiser Foundation Hospital - Fremont,2500
26,/Users/ryanripper/Downloads/2019/Kaiser Foundation Hospital - Fremont,2500
26,/Users/ryanripper/Downloads/2019/Kaiser Foundation Hospital - Fremont,2500
26,/Users/ryanripper/Downloads/2019/Loma Linda University Medical Center,5000
19,/Users/ryanripper/Downloads/2019/Memorial Hospital - Modesto,2674
24,/Users/ryanripper/Downloads/2019/Adventist Health Lodi Memorial,1106
26,/Users/ryanripper/Downloads/2019/George L Mee Memorial Hospital,4652
4269,/Users/ryanripper/Downloads/2019/George L Mee Memorial Hospital,4652.0
26,/Users/ryanripper/Downloads/2019/El Centro Regional Medical Center,3116
32,/Users/ryanripper/Downloads/2019/Alta Bates-Summit Med Ctr-Alta Bates Campus,3294
32,/Users/ryanripper/Downloads/2019/Alta Bates-Summit Med Ctr-Alta Bates Campus,
11530,/Users/ryanripper/Downloads/2019/Riverside Community Hospital,               
26,/Users/ryanripper/Downloads/2019/Riverside Community Hospital,10049.41
26,/Users/ryanripper/Downloads/2019/Fairchild Medical Center,1697.8500000000001
26,/Users/ryanripper/Downloads/2019/Patients Hospital of Redding,
25,/Users/ryanripper/Downloads/2019/Kaiser Foundation Hospital - Woodland Hills,70450
26,/Users/ryanripper/Downloads/2019/Mission Community Hospital - Panorama,3932
5707,/Users/ryanripper/Downloads/2019/Mission Community Hospital - Panorama,16.29
26,/Users/ryanripper/Downloads/2019/Barlow Respiratory Hospital,
768,/Users/ryanripper/Downloads/2019/Unversity of California Irvine Medical Center,
3297,/Users/ryanripper/Downloads/2019/Unversity of California Irvine Medical Center,
26,/Users/ryanripper/Downloads/2019/Unversity of California Irvine Medical Center,488
26,/Users/ryanripper/Downloads/2019/Providence Tarzana Medical Center,825
19,/Users/ryanripper/Downloads/2019/Sutter Lakeside Hospital,3294
19,/Users/ryanripper/Downloads/2019/Sutter Amador Hospital,2674
26,/Users/ryanripper/Downloads/2019/Providence Holy Cross Medical Center,908
26,/Users/ryanripper/Downloads/2019/Scripps Mercy Hospital,908
26,/Users/ryanripper/Downloads/2019/Scripps Mercy Hospital,908
26,/Users/ryanripper/Downloads/2019/OConnor Hospital,696
26,/Users/ryanripper/Downloads/2019/St Marys Medical Center - San Francisco,3268
26,/Users/ryanripper/Downloads/2019/Corona Regional Medical Center,4913
26,/Users/ryanripper/Downloads/2019/Chinese Hospital,1968
25,/Users/ryanripper/Downloads/2019/Kaiser Foundation Hospital - Downey,70450
26,/Users/ryanripper/Downloads/2019/Lakewood Regional Medical Center,5806.8
26,/Users/ryanripper/Downloads/2019/Scripps Memorial Hospital - Encinitas,908
22,/Users/ryanripper/Downloads/2019/Adventist Health Reedley,2684.82
22,/Users/ryanripper/Downloads/2019/Desert Valley Hospital,2947
26,/Users/ryanripper/Downloads/2019/Providence Little Co. of Mary Med Ctr - San Pedro,3140
26,/Users/ryanripper/Downloads/2019/Kaiser Foundation Hospital - Walnut Creek,2500
26,/Users/ryanripper/Downloads/2019/Kaiser Foundation Hospital - Walnut Creek,2500
26,/Users/ryanripper/Downloads/2019/Kaiser Foundation Hospital - Walnut Creek,2500
26,/Users/ryanripper/Downloads/2019/Kaiser Foundation Hospital - Walnut Creek,2500
26,/Users/ryanripper/Downloads/2019/Kaiser Foundation Hospital - Walnut Creek,2500
26,/Users/ryanripper/Downloads/2019/Kaiser Foundation Hospital - Walnut Creek,2500
26,/Users/ryanripper/Downloads/2019/Kaiser Foundation Hospital - Walnut Creek,2500
26,/Users/ryanripper/Downloads/2019/Kaiser Foundation Hospital - Walnut Creek,2500
26,/Users/ryanripper/Downloads/2019/Kaiser Foundation Hospital - Walnut Creek,2500
26,/Users/ryanripper/Downloads/2019/Kaiser Foundation Hospital - Walnut Creek,2500
26,/Users/ryanripper/Downloads/2019/Kaiser Foundation Hospital - Walnut Creek,2500
26,/Users/ryanripper/Downloads/2019/Kaiser Foundation Hospital - Walnut Creek,2500
26,/Users/ryanripper/Downloads/2019/Kaiser Foundation Hospital - Walnut Creek,2500
26,/Users/ryanripper/Downloads/2019/Kaiser Foundation Hospital - Walnut Creek,2500
26,/Users/ryanripper/Downloads/2019/Kaiser Foundation Hospital - Walnut Creek,2500
26,/Users/ryanripper/Downloads/2019/Kaiser Foundation Hospital - Walnut Creek,2500
26,/Users/ryanripper/Downloads/2019/Kaiser Foundation Hospital - Walnut Creek,2500
26,/Users/ryanripper/Downloads/2019/Kaiser Foundation Hospital - Walnut Creek,2500
26,/Users/ryanripper/Downloads/2019/Kaiser Foundation Hospital - Walnut Creek,2500
26,/Users/ryanripper/Downloads/2019/Kaiser Foundation Hospital - Walnut Creek,2500
26,/Users/ryanripper/Downloads/2019/Kaiser Foundation Hospital - Walnut Creek,2500
26,/Users/ryanripper/Downloads/2019/Menlo Park Surgical Hospital,
26,/Users/ryanripper/Downloads/2019/John Muir Medical Center - Concord Campus,1292.25
25,/Users/ryanripper/Downloads/2019/Resnick Neuropsychiatric Hosp at UCLA,2500
26,/Users/ryanripper/Downloads/2019/Coast Plaza Doctors Hospital,4240.47
26,/Users/ryanripper/Downloads/2019/St Elizabeth Community Hospital,3291
26,/Users/ryanripper/Downloads/2019/Redlands Community Hospital,5874
7945,/Users/ryanripper/Downloads/2019/City of Hope Helford Clinical Research Hospital,2791.0
26,/Users/ryanripper/Downloads/2019/City of Hope Helford Clinical Research Hospital,3290.79
26,/Users/ryanripper/Downloads/2019/Del Amo Hospital,
21,/Users/ryanripper/Downloads/2019/Mills-Peninsula Medical Center,3294
21,/Users/ryanripper/Downloads/2019/Mills-Peninsula Medical Center,3294
19,/Users/ryanripper/Downloads/2019/Novato Community Hospital,3294
26,/Users/ryanripper/Downloads/2019/Kaiser Foundation Hospital - South San Francisco,2500
26,/Users/ryanripper/Downloads/2019/Kaiser Foundation Hospital - South San Francisco,2500
26,/Users/ryanripper/Downloads/2019/Kaiser Foundation Hospital - South San Francisco,2500
26,/Users/ryanripper/Downloads/2019/Kaiser Foundation Hospital - South San Francisco,2500
26,/Users/ryanripper/Downloads/2019/Kaiser Foundation Hospital - South San Francisco,2500
26,/Users/ryanripper/Downloads/2019/Kaiser Foundation Hospital - South San Francisco,2500
26,/Users/ryanripper/Downloads/2019/Kaiser Foundation Hospital - South San Francisco,2500
26,/Users/ryanripper/Downloads/2019/Kaiser Foundation Hospital - South San Francisco,2500
26,/Users/ryanripper/Downloads/2019/Kaiser Foundation Hospital - South San Francisco,2500
26,/Users/ryanripper/Downloads/2019/Kaiser Foundation Hospital - South San Francisco,2500
26,/Users/ryanripper/Downloads/2019/Kaiser Foundation Hospital - South San Francisco,2500
26,/Users/ryanripper/Downloads/2019/Kaiser Foundation Hospital - South San Francisco,2500
26,/Users/ryanripper/Downloads/2019/Kaiser Foundation Hospital - South San Francisco,2500
26,/Users/ryanripper/Downloads/2019/Kaiser Foundation Hospital - South San Francisco,2500
26,/Users/ryanripper/Downloads/2019/Kaiser Foundation Hospital - South San Francisco,2500
26,/Users/ryanripper/Downloads/2019/Kaiser Foundation Hospital - South San Francisco,2500
26,/Users/ryanripper/Downloads/2019/Kaiser Foundation Hospital - South San Francisco,2500
26,/Users/ryanripper/Downloads/2019/Kaiser Foundation Hospital - South San Francisco,2500
26,/Users/ryanripper/Downloads/2019/Kaiser Foundation Hospital - South San Francisco,2500
26,/Users/ryanripper/Downloads/2019/Kaiser Foundation Hospital - South San Francisco,2500
26,/Users/ryanripper/Downloads/2019/Kaiser Foundation Hospital - South San Francisco,2500
25,/Users/ryanripper/Downloads/2019/Kaiser Foundation Hospital - South Bay,70450
26,/Users/ryanripper/Downloads/2019/St Mary Medical Center - Long Beach,2457
19,/Users/ryanripper/Downloads/2019/Stanislaus Surgical Center,
9420,/Users/ryanripper/Downloads/2019/Casa Colina Hospital and Centers for Health Care,560.0
26,/Users/ryanripper/Downloads/2019/Casa Colina Hospital and Centers for Health Care,560
6132,/Users/ryanripper/Downloads/2019/Community Hospital of the Monterey Peninsula,2032.0
26,/Users/ryanripper/Downloads/2019/Community Hospital of the Monterey Peninsula,2065
9429,/Users/ryanripper/Downloads/2019/Mercy Hospital - Bakersfield,70450
11884,/Users/ryanripper/Downloads/2019/Mercy Hospital - Bakersfield,70450
11998,/Users/ryanripper/Downloads/2019/Mercy Hospital - Bakersfield,70450
12136,/Users/ryanripper/Downloads/2019/Mercy Hospital - Bakersfield,70450
12220,/Users/ryanripper/Downloads/2019/Mercy Hospital - Bakersfield,70450
12285,/Users/ryanripper/Downloads/2019/Mercy Hospital - Bakersfield,70450
12533,/Users/ryanripper/Downloads/2019/Mercy Hospital - Bakersfield,70450
12597,/Users/ryanripper/Downloads/2019/Mercy Hospital - Bakersfield,70450
12941,/Users/ryanripper/Downloads/2019/Mercy Hospital - Bakersfield,70450
13442,/Users/ryanripper/Downloads/2019/Mercy Hospital - Bakersfield,70450
26,/Users/ryanripper/Downloads/2019/Mercy Hospital - Bakersfield,2685
19,/Users/ryanripper/Downloads/2019/Adventist Health Hanford,2684.82
25,/Users/ryanripper/Downloads/2019/Saddleback Memorial Medical Center,3491
26,/Users/ryanripper/Downloads/2019/St Joseph Medical Center - Stockton,6025
26,/Users/ryanripper/Downloads/2019/Natividad Medical Center,3911
1405,/Users/ryanripper/Downloads/2019/Marshall Medical Center,
26,/Users/ryanripper/Downloads/2019/Marshall Medical Center,3097.38
2987,/Users/ryanripper/Downloads/2019/Seton Medical Center,70450
3101,/Users/ryanripper/Downloads/2019/Seton Medical Center,70450
26,/Users/ryanripper/Downloads/2019/Seton Medical Center,3988
25,/Users/ryanripper/Downloads/2019/Shasta Regional Medical Center,
26,/Users/ryanripper/Downloads/2019/San Ramon Regional Medical Center,7132.33
26,/Users/ryanripper/Downloads/2019/Scripps Memorial Hospital - La Jolla,908
23,/Users/ryanripper/Downloads/2019/Adventist Health Simi Valley,4231.74
25,/Users/ryanripper/Downloads/2019/Long Beach Memorial Medical Center,3491
25,/Users/ryanripper/Downloads/2019/San Leandro Hospital,3275.342152736019
89,/Users/ryanripper/Downloads/2019/San Leandro Hospital,3290.7
26,/Users/ryanripper/Downloads/2019/El Camino Hospital,4548.89
6724,/Users/ryanripper/Downloads/2019/Martin Luther King Jr Community Hospital,70450
6847,/Users/ryanripper/Downloads/2019/Martin Luther King Jr Community Hospital,70450
6938,/Users/ryanripper/Downloads/2019/Martin Luther King Jr Community Hospital,70450
25,/Users/ryanripper/Downloads/2019/Martin Luther King Jr Community Hospital,11171
26,/Users/ryanripper/Downloads/2019/Seneca Healthcare District,2847
26,/Users/ryanripper/Downloads/2019/Fountain Valley Regional Hospital,6875.33
26,/Users/ryanripper/Downloads/2019/Providence Little Co. of Mary Med Ctr - Torrance,3140
25,/Users/ryanripper/Downloads/2019/Highland Hospital,3252.6659744882822
833,/Users/ryanripper/Downloads/2019/Highland Hospital,3291
26,/Users/ryanripper/Downloads/2019/Kern Valley Hospital,2399.28
26,/Users/ryanripper/Downloads/2019/Providence St Johns Health Center,3007
26,/Users/ryanripper/Downloads/2019/John Muir Medical Center - Walnut Creek Campus,1292.25
25,/Users/ryanripper/Downloads/2019/Santa Rosa Memorial Hospital,1294
2767,/Users/ryanripper/Downloads/2019/Santa Rosa Memorial Hospital,351
2768,/Users/ryanripper/Downloads/2019/Santa Rosa Memorial Hospital,351
25,/Users/ryanripper/Downloads/2019/Petaluma Valley Hospital,1282
2018,/Users/ryanripper/Downloads/2019/Petaluma Valley Hospital,351
2019,/Users/ryanripper/Downloads/2019/Petaluma Valley Hospital,351
26,/Users/ryanripper/Downloads/2019/Kaiser Foundation Hospital - Vacaville,2500
26,/Users/ryanripper/Downloads/2019/Kaiser Foundation Hospital - Vacaville,2500
26,/Users/ryanripper/Downloads/2019/Kaiser Foundation Hospital - Vacaville,2500
26,/Users/ryanripper/Downloads/2019/Kaiser Foundation Hospital - Vacaville,2500
26,/Users/ryanripper/Downloads/2019/Kaiser Foundation Hospital - Vacaville,2500
26,/Users/ryanripper/Downloads/2019/Kaiser Foundation Hospital - Vacaville,2500
26,/Users/ryanripper/Downloads/2019/Kaiser Foundation Hospital - Vacaville,2500
26,/Users/ryanripper/Downloads/2019/Kaiser Foundation Hospital - Vacaville,2500
26,/Users/ryanripper/Downloads/2019/Kaiser Foundation Hospital - Vacaville,2500
26,/Users/ryanripper/Downloads/2019/Kaiser Foundation Hospital - Vacaville,2500
26,/Users/ryanripper/Downloads/2019/Kaiser Foundation Hospital - Vacaville,2500
26,/Users/ryanripper/Downloads/2019/Kaiser Foundation Hospital - Vacaville,2500
26,/Users/ryanripper/Downloads/2019/Kaiser Foundation Hospital - Vacaville,2500
26,/Users/ryanripper/Downloads/2019/Kaiser Foundation Hospital - Vacaville,2500
26,/Users/ryanripper/Downloads/2019/Kaiser Foundation Hospital - Vacaville,2500
26,/Users/ryanripper/Downloads/2019/Kaiser Foundation Hospital - Vacaville,2500
26,/Users/ryanripper/Downloads/2019/Kaiser Foundation Hospital - Vacaville,2500
26,/Users/ryanripper/Downloads/2019/Kaiser Foundation Hospital - Vacaville,2500
26,/Users/ryanripper/Downloads/2019/Kaiser Foundation Hospital - Vacaville,2500
26,/Users/ryanripper/Downloads/2019/Kaiser Foundation Hospital - Vacaville,2500
26,/Users/ryanripper/Downloads/2019/Kaiser Foundation Hospital - Vacaville,2500
26,/Users/ryanripper/Downloads/2019/Menifee Valley Medical Center,2045.75
26,/Users/ryanripper/Downloads/2019/Delano Regional Medical Center,1275.5
26,/Users/ryanripper/Downloads/2019/St Johns Pleasant Valley Hospital,3039
32186,/Users/ryanripper/Downloads/2019/Los Robles Medical Center,CT HEAD/BRAIN W/O CONT  
37123,/Users/ryanripper/Downloads/2019/Los Robles Medical Center,CT HEAD/BRAIN W/O CONT  
37405,/Users/ryanripper/Downloads/2019/Los Robles Medical Center,CT HEAD/BRAIN W/O CONT  
26,/Users/ryanripper/Downloads/2019/Los Robles Medical Center,
26,/Users/ryanripper/Downloads/2019/Los Robles Medical Center,
26,/Users/ryanripper/Downloads/2019/Los Robles Medical Center,4184
26,/Users/ryanripper/Downloads/2019/Kaiser Foundation Hospital - Sacramento,2500
26,/Users/ryanripper/Downloads/2019/Kaiser Foundation Hospital - Sacramento,2500
26,/Users/ryanripper/Downloads/2019/Kaiser Foundation Hospital - Sacramento,2500
26,/Users/ryanripper/Downloads/2019/Kaiser Foundation Hospital - Sacramento,2500
26,/Users/ryanripper/Downloads/2019/Kaiser Foundation Hospital - Sacramento,2500
26,/Users/ryanripper/Downloads/2019/Kaiser Foundation Hospital - Sacramento,2500
26,/Users/ryanripper/Downloads/2019/Kaiser Foundation Hospital - Sacramento,2500
26,/Users/ryanripper/Downloads/2019/Kaiser Foundation Hospital - Sacramento,2500
26,/Users/ryanripper/Downloads/2019/Kaiser Foundation Hospital - Sacramento,2500
26,/Users/ryanripper/Downloads/2019/Kaiser Foundation Hospital - Sacramento,2500
26,/Users/ryanripper/Downloads/2019/Kaiser Foundation Hospital - Sacramento,2500
26,/Users/ryanripper/Downloads/2019/Kaiser Foundation Hospital - Sacramento,2500
26,/Users/ryanripper/Downloads/2019/Kaiser Foundation Hospital - Sacramento,2500
26,/Users/ryanripper/Downloads/2019/Kaiser Foundation Hospital - Sacramento,2500
26,/Users/ryanripper/Downloads/2019/Kaiser Foundation Hospital - Sacramento,2500
26,/Users/ryanripper/Downloads/2019/Kaiser Foundation Hospital - Sacramento,2500
26,/Users/ryanripper/Downloads/2019/Kaiser Foundation Hospital - Sacramento,2500
26,/Users/ryanripper/Downloads/2019/Kaiser Foundation Hospital - Sacramento,2500
26,/Users/ryanripper/Downloads/2019/Kaiser Foundation Hospital - Sacramento,2500
26,/Users/ryanripper/Downloads/2019/Kaiser Foundation Hospital - Sacramento,2500
26,/Users/ryanripper/Downloads/2019/Kaiser Foundation Hospital - Sacramento,2500
26,/Users/ryanripper/Downloads/2019/Kaiser Foundation Hospital - San Rafael,2500
26,/Users/ryanripper/Downloads/2019/Kaiser Foundation Hospital - San Rafael,2500
26,/Users/ryanripper/Downloads/2019/Kaiser Foundation Hospital - San Rafael,2500
26,/Users/ryanripper/Downloads/2019/Kaiser Foundation Hospital - San Rafael,2500
26,/Users/ryanripper/Downloads/2019/Kaiser Foundation Hospital - San Rafael,2500
26,/Users/ryanripper/Downloads/2019/Kaiser Foundation Hospital - San Rafael,2500
26,/Users/ryanripper/Downloads/2019/Kaiser Foundation Hospital - San Rafael,2500
26,/Users/ryanripper/Downloads/2019/Kaiser Foundation Hospital - San Rafael,2500
26,/Users/ryanripper/Downloads/2019/Kaiser Foundation Hospital - San Rafael,2500
26,/Users/ryanripper/Downloads/2019/Kaiser Foundation Hospital - San Rafael,2500
26,/Users/ryanripper/Downloads/2019/Kaiser Foundation Hospital - San Rafael,2500
26,/Users/ryanripper/Downloads/2019/Kaiser Foundation Hospital - San Rafael,2500
26,/Users/ryanripper/Downloads/2019/Kaiser Foundation Hospital - San Rafael,2500
26,/Users/ryanripper/Downloads/2019/Kaiser Foundation Hospital - San Rafael,2500
26,/Users/ryanripper/Downloads/2019/Kaiser Foundation Hospital - San Rafael,2500
26,/Users/ryanripper/Downloads/2019/Kaiser Foundation Hospital - San Rafael,2500
26,/Users/ryanripper/Downloads/2019/Kaiser Foundation Hospital - San Rafael,2500
26,/Users/ryanripper/Downloads/2019/Kaiser Foundation Hospital - San Rafael,2500
26,/Users/ryanripper/Downloads/2019/Kaiser Foundation Hospital - San Rafael,2500
26,/Users/ryanripper/Downloads/2019/Kaiser Foundation Hospital - San Rafael,2500
26,/Users/ryanripper/Downloads/2019/Kaiser Foundation Hospital - San Rafael,2500
1009,/Users/ryanripper/Downloads/2019/Los Angeles Community Hospital,CT SCAN HEAD W/O CONT.
27,/Users/ryanripper/Downloads/2019/Los Angeles Community Hospital,
27,/Users/ryanripper/Downloads/2019/Los Angeles Community Hospital,3825
27,/Users/ryanripper/Downloads/2019/Los Angeles Community Hospital,3825
981,/Users/ryanripper/Downloads/2019/Kaiser Foundation Hospital - Panorama City,CT SCAN HEAD W/O CONT.
25,/Users/ryanripper/Downloads/2019/Kaiser Foundation Hospital - Panorama City,70450
26,/Users/ryanripper/Downloads/2019/Childrens Hospital & Research Center at Oakland,4004
11889,/Users/ryanripper/Downloads/2019/Bakersfield Memorial Hospital,70450
12003,/Users/ryanripper/Downloads/2019/Bakersfield Memorial Hospital,70450
12141,/Users/ryanripper/Downloads/2019/Bakersfield Memorial Hospital,70450
12225,/Users/ryanripper/Downloads/2019/Bakersfield Memorial Hospital,70450
12290,/Users/ryanripper/Downloads/2019/Bakersfield Memorial Hospital,70450
12538,/Users/ryanripper/Downloads/2019/Bakersfield Memorial Hospital,70450
12602,/Users/ryanripper/Downloads/2019/Bakersfield Memorial Hospital,70450
13447,/Users/ryanripper/Downloads/2019/Bakersfield Memorial Hospital,70450
14745,/Users/ryanripper/Downloads/2019/Bakersfield Memorial Hospital,70450
14799,/Users/ryanripper/Downloads/2019/Bakersfield Memorial Hospital,70450
14975,/Users/ryanripper/Downloads/2019/Bakersfield Memorial Hospital,70450
15054,/Users/ryanripper/Downloads/2019/Bakersfield Memorial Hospital,70450
26,/Users/ryanripper/Downloads/2019/Bakersfield Memorial Hospital,2685
16822,/Users/ryanripper/Downloads/2019/Kindred Hospital - Brea,1748.84
22684,/Users/ryanripper/Downloads/2019/Kindred Hospital - Westminster,
26,/Users/ryanripper/Downloads/2019/Temecula Valley Hospital,3863
30,/Users/ryanripper/Downloads/2019/Tri-City Medical Center,3018
25,/Users/ryanripper/Downloads/2019/Kaiser Foundation Hospital - Riverside,70450
25,/Users/ryanripper/Downloads/2019/USC-Kenneth Norris Cancer Hospital,1852.97
26,/Users/ryanripper/Downloads/2019/UCSF Medical Center,2917
26,/Users/ryanripper/Downloads/2019/Kaiser Foundation Hospital - Manteca-Modesto,2500
26,/Users/ryanripper/Downloads/2019/Kaiser Foundation Hospital - Manteca-Modesto,2500
26,/Users/ryanripper/Downloads/2019/Kaiser Foundation Hospital - Manteca-Modesto,2500
26,/Users/ryanripper/Downloads/2019/Kaiser Foundation Hospital - Manteca-Modesto,2500
26,/Users/ryanripper/Downloads/2019/Kaiser Foundation Hospital - Manteca-Modesto,2500
26,/Users/ryanripper/Downloads/2019/Kaiser Foundation Hospital - Manteca-Modesto,2500
26,/Users/ryanripper/Downloads/2019/Kaiser Foundation Hospital - Manteca-Modesto,2500
26,/Users/ryanripper/Downloads/2019/Kaiser Foundation Hospital - Manteca-Modesto,2500
26,/Users/ryanripper/Downloads/2019/Kaiser Foundation Hospital - Manteca-Modesto,2500
26,/Users/ryanripper/Downloads/2019/Kaiser Foundation Hospital - Manteca-Modesto,2500
26,/Users/ryanripper/Downloads/2019/Kaiser Foundation Hospital - Manteca-Modesto,2500
26,/Users/ryanripper/Downloads/2019/Kaiser Foundation Hospital - Manteca-Modesto,2500
26,/Users/ryanripper/Downloads/2019/Kaiser Foundation Hospital - Manteca-Modesto,2500
26,/Users/ryanripper/Downloads/2019/Kaiser Foundation Hospital - Manteca-Modesto,2500
26,/Users/ryanripper/Downloads/2019/Kaiser Foundation Hospital - Manteca-Modesto,2500
26,/Users/ryanripper/Downloads/2019/Kaiser Foundation Hospital - Manteca-Modesto,2500
26,/Users/ryanripper/Downloads/2019/Kaiser Foundation Hospital - Manteca-Modesto,2500
26,/Users/ryanripper/Downloads/2019/Kaiser Foundation Hospital - Manteca-Modesto,2500
26,/Users/ryanripper/Downloads/2019/Kaiser Foundation Hospital - Manteca-Modesto,2500
26,/Users/ryanripper/Downloads/2019/Kaiser Foundation Hospital - Manteca-Modesto,2500
26,/Users/ryanripper/Downloads/2019/Kaiser Foundation Hospital - Manteca-Modesto,2500
26,/Users/ryanripper/Downloads/2019/Doctors Medical Center - Modesto,9324.93
26,/Users/ryanripper/Downloads/2019/Ballard Rehabilitation Hospital,1952.75
777,/Users/ryanripper/Downloads/2019/Ballard Rehabilitation Hospital,
779,/Users/ryanripper/Downloads/2019/Ballard Rehabilitation Hospital,
5443,/Users/ryanripper/Downloads/2019/Ballard Rehabilitation Hospital,
5771,/Users/ryanripper/Downloads/2019/Ballard Rehabilitation Hospital,
26,/Users/ryanripper/Downloads/2019/St Louise Regional Hospital,696
