HospitalName,ZipCode
AHMC Anaheim Regional Medical Center,92801
Adventist Health Glendale,91206
Adventist Health Hanford,93230
Adventist Health Lodi Memorial,95240
Adventist Health Reedley,93654
Adventist Health Simi Valley,93065
Adventist Health Sonora - Greenley,95370
Adventist Health Tulare,93274
Adventist Health White Memorial,90033
Alameda Hospital,94501
Alta Bates-Summit Med Ctr-Alta Bates Campus,94705
Alta Bates-Summit Med Ctr-Summit Campus,94609
Alvarado Hospital,92120
Anaheim Global Medical Center,92805
Antelope Valley Hospital,93534
Arrowhead Regional Medical Center,92324
Aurora Behavioral Healthcare - Santa Rosa,95401
Aurora Charter Oak Hospital,91724
Aurora Las Encinas Hospital,91107
Aurora San Diego Hospital,92128
Aurora Vista del Mar Hospital,93001
BHC Heritage Oaks Hospital,95841
BHC Sierra Vista Hospital,95823
Bakersfield Behavioral Healthcare Hospital,93309
Bakersfield Heart Hospital,93308
Bakersfield Memorial Hospital,93301
Ballard Rehabilitation Hospital,92411
Banner Lassen Medical Center,96130
Barlow Respiratory Hospital,90026
Barstow Community Hospital,92311
Barton Memorial Hospital,96150
Beverly Hospital,90640
California Hospital Medical Center,90015
California Pacific Medical Center - Pacific Campus,94114
California Pacific Medical Center - St Lukes Campus,94110
Casa Colina Hospital and Centers for Health Care,91767
Cedars-Sinai Medical Center,90048
Chapman Global Medical Center,92869
Childrens Hospital & Research Center at Oakland,94618
Childrens Hospital at Mission,92691
Childrens Hospital of Los Angeles,90027
Childrens Hospital of Orange County,92868
Chinese Hospital,94133
Chino Valley Medical Center,91710
City of Hope Helford Clinical Research Hospital,91010
Coast Plaza Doctors Hospital,90650
College Hospital - Costa Mesa,92627
College Medical Center,90806
Community & Mission Hospital at Huntington Park,90255
Community Hospital of San Bernardino,92411
Community Hospital of the Monterey Peninsula,93940
Community Memorial Hospital San Buenaventura,93003
Contra Costa Regional Medical Center,94553
Corona Regional Medical Center,92882
Dameron Hospital,95203
Del Amo Hospital,90505
Delano Regional Medical Center,93215
Desert Regional Medical Center,92262
Desert Valley Hospital,92395
Doctors Hospital - Manteca,95336
Doctors Medical Center - Modesto,95350
Earl & Lorraine Miller Childrens Hospital,90806
East Los Angeles Doctors Hospital,90023
Eastern Plumas Dsitrict Hospital,96122
Eden Medical Center,94546
Eisenhower Medical Center,92270
El Camino Hospital,94040
El Centro Regional Medical Center,92243
Emanate Health Foothill Presbyterian Hospital,91741
Emanate Health Queen of the Valley Hospital,91790
Emanuel Medical Center,95382
Encino Hospital Medical Center,91436
Enloe Medical Center,95926
Fairchild Medical Center,96097
Foothill Regional Medical Center,92780
Fountain Valley Regional Hospital,92708
French Hospital - San Luis Obispo,93401
Fresno Surgical Hospital,93710
Garfield Medical Center,91754
George L Mee Memorial Hospital,93930
Glendale Memorial Hospital,91204
Glendora Commuity Hospital,91740
Goleta Valley Cottage Hospital,93111
Good Samaritan Hospital - Los Angeles,90017
Good Samaritan Hospital - San Jose,95124
Greater El Monte Community Hospital,91733
Hazel Hawkins Memorial Hospital,95023
Healdsburg District Hospital,95448
Hemet Valley Medical Center,92543
Henry Mayo Newhall Memorial Hospital,91355
Heritage Oaks Hospital,95841
Hi Desert Medical Center,92252
Highland Hospital,94602
Hoag Memorial Hospital,92658
Hoag Orthopedic Institute,92618
Hollywood Presbyterian Medical Center,90027
Huntington Beach Hospital,92647
Huntington Memorial Community Hospital,91105
Jerold Phelps Community Hospital,95542
John C Fremont Healthcare District,95338
John F Kennedy Memorial Hospital,92201
John Muir Behavioral Health,94520
John Muir Medical Center - Concord Campus,94520
John Muir Medical Center - Walnut Creek Campus,94598
Kaiser Foundation Hospital - Anaheim,92806
Kaiser Foundation Hospital - Antioch,94531
Kaiser Foundation Hospital - Baldwin Park,91706
Kaiser Foundation Hospital - Downey,90242
Kaiser Foundation Hospital - Fontana-Ontario,92335
Kaiser Foundation Hospital - Fremont,94538
Kaiser Foundation Hospital - Fresno,93720
Kaiser Foundation Hospital - Los Angeles,90027
Kaiser Foundation Hospital - Manteca-Modesto,95356
Kaiser Foundation Hospital - Moreno Valley,92555
Kaiser Foundation Hospital - Oakland-Richmond,94611
Kaiser Foundation Hospital - Panorama City,91402
Kaiser Foundation Hospital - Redwood City,94063
Kaiser Foundation Hospital - Riverside,92505
Kaiser Foundation Hospital - Roseville,95661
Kaiser Foundation Hospital - Sacramento,95825
Kaiser Foundation Hospital - San Diego,92123
Kaiser Foundation Hospital - San Francisco,94115
Kaiser Foundation Hospital - San Jose,95119
Kaiser Foundation Hospital - San Leandro,94577
Kaiser Foundation Hospital - San Rafael,94903
Kaiser Foundation Hospital - Santa Clara,95051
Kaiser Foundation Hospital - Santa Rosa,95403
Kaiser Foundation Hospital - South Bay,90710
Kaiser Foundation Hospital - South Sacramento,95823
Kaiser Foundation Hospital - South San Francisco,94080
Kaiser Foundation Hospital - Vacaville,95688
Kaiser Foundation Hospital - Walnut Creek,94596
Kaiser Foundation Hospital - West L.A,90034
Kaiser Foundation Hospital - Woodland Hills,91367
Kaiser Foundation Northern Region,94612
Kaiser Foundation Rehab Hospital - Vallejo,94589
Kaweah Delta District Hospital,93291
Keck Hospital of USC,90033
Kern Medical Center,93306
Kern Valley Hospital,93240
Kindred Hospital - Baldwin Park,91706
Kindred Hospital - Brea,92821
Kindred Hospital - Los Angeles,90056
Kindred Hospital - Rancho,91730
Kindred Hospital - San Diego,92104
Kindred Hospital - Westminster,92683
Kindred Hospital Paramount,90723
La Palma Intercommunity Hospital,90623
Laguna Honda Hospital,94116
Lakewood Regional Medical Center,90712
Loma Linda University Behavioral Medical Center,92373
Loma Linda University Childrens Hospital,92354
Loma Linda University Medical Center,92354
Loma Linda University Medical Center - Murrieta,92563
Long Beach Memorial Medical Center,90807
Los Alamitos Medical Center,90720
Los Angeles Community Hospital,90023
Los Robles Medical Center,91360
Lucile Salter Packard Childrens Hospital,94304
Madera Community Hospital,93637
Mammoth Hospital,93546
Marian Medical Center,93454
Marin General Hospital,94904
Marina Del Rey Hospital,90292
Mark Twain Medical Center,95249
Marshall Medical Center,95667
Martin Luther King Jr Community Hospital,90059
Mayers Memorial Hospital,96028
Memorial Hospital - Gardena,90247
Memorial Hospital - Los Banos,93635
Memorial Hospital - Modesto,95355
Menifee Valley Medical Center,92585
Menlo Park Surgical Hospital,94025
Mercy General Hospital,95819
Mercy Hospital - Bakersfield,93301
Mercy Hospital - Folsom,95630
Mercy Hospital - Mt Shasta,96067
Mercy Medical Center - Merced,95340
Mercy Medical Center - Redding,96001
Mercy San Juan Hospital,95608
Methodist Hospital - Sacramento,95823
Methodist Hospital - Southern California,91007
Mills-Peninsula Medical Center,94010
Mission Community Hospital - Panorama,91402
Mission Regional Medical Center,92691
Modoc Medical Center,96101
Monrovia Memorial Hospital,91016
Montclair Hospital Medical Center,91763
Monterey Park Hospital,91754
Natividad Medical Center,93901
North Bay Medical Center,94533
Northern Inyo Hospital,93514
Northridge Hospital Medical Center,91325
Novato Community Hospital,94945
OConnor Hospital,95128
Ojai Valley Community Hospital,93023
Olympia Medical Center,90036
Orange Coast Memorial Medical Center,92708
Orange County Global Medical Center,92705
Oroville Hospital,95966
PIH Hospital - Downey,90241
Pacifica Hospital of the Valley,91352
Palmdale Regional Medical Center,93551
Palomar Health Downtown Campus,92025
Paradise Valley Hospital,91950
Parkview Community Hospital,92503
Patients Hospital of Redding,96001
Petaluma Valley Hospital,94954
Placentia-Linda Community Hospital,92870
Pomona Valley Hospital Medical Center,91767
Presbyterian Intercommunity Hospital,90602
Providence Holy Cross Medical Center,91345
Providence Little Co. of Mary Med Ctr - San Pedro,90732
Providence Little Co. of Mary Med Ctr - Torrance,90503
Providence St Johns Health Center,90404
Providence St Joseph Medical Center,91505
Providence Tarzana Medical Center,91356
Queen of the Valley - Napa,94558
Radys Childrens Hospital of San Diego,92024
Redlands Community Hospital,92373
Redwood Memorial Hospital,95540
Regional Medical Center of San Jose,95116
Resnick Neuropsychiatric Hosp at UCLA,90095
Rideout Memorial Hospital,95901
Riverside Community Hospital,92501
Riverside University Health System Medical Center,92555
Ronald Reagan UCLA Medical Center,90095
Saddleback Memorial Medical Center,92653
Salinas Valley Memorial Hospital,93901
San Antonio Regional Hospital,91786
San Dimas Community Hospital,91773
San Gabriel Valley Medical Center,91776
San Joaquin General Hospital,95231
San Joaquin Valley Rehab Center,93720
San Leandro Hospital,94578
San Ramon Regional Medical Center,94583
Santa Barbara Cottage Hospital,93105
Santa Clara Valley Medical Center,95128
Santa Monica Hospital - UCLA,90404
Santa Rosa Memorial Hospital,95405
Santa Ynez Valley Cottage Hospital,93463
Scripps Green Hospital,92037
Scripps Memorial Hospital - Encinitas,92024
Scripps Memorial Hospital - La Jolla,92037
Scripps Mercy Hospital,92103
Seneca Healthcare District,96020
Sequoia Hospital,94062
Seton Medical Center,94015
Sharp Chula Vista Medical Center,91911
Sharp Coronado Hospital,92118
Sharp Grossmont Hospital,91942
Sharp Memorial Hospital,92123
Sharp Mesa Vista Hospital,92123
Shasta Regional Medical Center,96001
Sherman Oaks Hospital,91403
Shriners Childrens Hospital - Northern California,95817
Sierra Nevada Memorial Hospital,95945
Sierra View Medical Center,93257
Sierra Vista Hospital,95823
Sierra Vista Regional Medical Center,93405
Sonoma Valley Hospital,95476
South Coast Global Medical Center,92704
Southern California Hospital at Hollywood,90028
Southwest Healthcare System - Murrieta,92595
St Agnes Medical Center,93720
St Bernardine Medical Center,92404
St Elizabeth Community Hospital,96080
St Francis Medical Center - Lynwood,90262
St Francis Memorial Hospital - S.F,94109
St Johns Pleasant Valley Hospital,93010
St Johns Regional Medical Center - Oxnard,93030
St Joseph Hospital - Eureka,95501
St Joseph Hospital - Orange,92868
St Joseph Medical Center - Stockton,95204
St Jude Medical Center,92835
St Louise Regional Hospital,95020
St Mary Medical Center - Apple Valley,92307
St Mary Medical Center - Long Beach,90804
St Marys Medical Center - San Francisco,94117
St Rose Hospital,94545
St Vincent Medical Center,90057
Stanford University Hospital,94305
Stanislaus Surgical Center,95355
Sutter Amador Hospital,95642
Sutter Auburn Faith Hospital,95602
Sutter Center for Psychiatry,95826
Sutter Coast Hospital,95531
Sutter Davis Hospital,95616
Sutter Delta Medical Center,94509
Sutter Lakeside Hospital,95453
Sutter Maternity & Surgery Center,95065
Sutter Medical Center - Sacramento,95816
Sutter Roseville Medical Center,95661
Sutter Santa Rosa Memorial Hospital,95403
Sutter Solano Medical Center,94589
Sutter Surgical Hospital - North Valley,95991
Sutter Tracy Community Memorial Hospital,95376
Tahoe Forest Hospital,96161
Temecula Valley Hospital,92592
Torrance Memorial Medical Center,90505
Tri-City Medical Center,92056
Twin Cities Community Hospital,93465
UCSD Medical Center,92037
UCSF Medical Center,94143
USC Verdugo Hills Hospital,91208
USC-Kenneth Norris Cancer Hospital,90033
Unversity of California Irvine Medical Center,92668
Valley Childrens Hospital,93636
Valley Presbyterian Hospital,91405
Valleycare Medical Center,94588
Ventura County Medical Center,93003
Vibra Rehabilitation Hospital of Rancho Mirage,92270
Victor Valley Global Medical Center,92395
Washington Hospital - Fremont,94538
West Anaheim Medical Center,92804
Whittier Hospital Medical Center,90605
Woodland Memorial Hospital,95695
Zuckerberg San Francisco General Hospital & Trauma Center,94110
